PFI,Facility_Name,Short_Description,Description,Facility_Open_Date,Facility_Address_1,Facility_Address_2,Facility_City,Facility_State,Facility_Zip_Code,Facility_Phone_Number,Facility_Fax_Number,Facility_Website,Facility_County_Code,Facility_County,Regional_Office_ID,Regional_Office,Main_Site_Name,Main_Site_Facility_ID,Operating_Certificate_Number,Operator_Name,Operator_Address_1,Operator_Address_2,Operator_City,Operator_State,Operator_Zip_Code,Cooperator_Name,Cooperator_Address,Cooperator_Address_2,Cooperator_City,Cooperator_State,Cooperator_Zip_Code,Ownership_Type,Facility_Latitude,Facility_Longitude,Facility_Location,New_York_Zip_Codes,Counties,NYS_Senate_Districts,LWRP_Communities,School_Districts_2016
000001,Albany Medical Center Hospital,HOSP,Hospital,01/01/1901,43 New Scotland Avenue,,Albany,New York,12208,5182623474,5182623398,,1,Albany,4,Capital District Regional Office,,,0101000H,Albany Medical Center Hospital,New Scotland Avenue,,Albany,New York,12208,Albany Med Health System,New Scotland Avenue,,Albany,New York,12208,Not for Profit Corporation,42.65337,-73.773834,"(42.65337, -73.773834)",45,2030,34,1,573
000002,Albany Medical Center - South Clinical Campus,HOSP,Hospital,02/01/1980,25 Hackett Boulevard,,Albany,New York,12208,5182621200,,,1,Albany,4,Capital District Regional Office,Albany Medical Center Hospital,1,0101000H,Albany Medical Center Hospital,New Scotland Avenue,,Albany,New York,12208,Albany Med Health System,New Scotland Avenue,,Albany,New York,12208,Not for Profit Corporation,42.645485,-73.77829,"(42.645485, -73.77829)",40,2030,34,1,573
000004,Samaritan Hospital - Albany Memorial Campus,HOSP,Hospital,01/01/1901,600 Northern Boulevard,,Albany,New York,12204,5184713221,,,1,Albany,4,Capital District Regional Office,Samaritan Hospital,756,4102002H,Samaritan Hospital of Troy NY Inc,2215 Burdett Avenue,,Troy,New York,12180,Trinity Health Corporation,20555 Victor Parkway,,Livonia,New York,48152,Not for Profit Corporation,42.674271,-73.749268,"(42.674271, -73.749268)",41,2030,34,1,573
000005,St. Peter's Hospital,HOSP,Hospital,01/01/1901,315 South Manning Boulevard,,Albany,New York,12208,5184541550,,,1,Albany,4,Capital District Regional Office,,,0101004H,St Peters Hospital Inc,315 South Manning Blvd,,Albany,New York,12208,Trinity Health Corporation,20555 Victor Parkway,,Livonia,New York,48152,Not for Profit Corporation,42.657539,-73.803879,"(42.657539, -73.803879)",45,2030,34,1,573
000012,Lakeview Center for Mental Health and Wellness,HOSP,Hospital,02/01/1981,29 East Cayuga Street,,Oswego,New York,13126,3153495526,,,37,Oswego,3,Central New York Regional Office,Oswego Hospital,727,3702000H,Oswego Hospital Inc,110 West Sixth Street,,Oswego,New York,13126,,,,,New York,,Not for Profit Corporation,43.459419,-76.506788,"(43.459419, -76.506788)",667,2135,41,35,471
000039,Memorial Hosp of Wm F & Gertrude F Jones A/K/A Jones Memorial Hosp,HOSP,Hospital,01/01/1901,191 North Main Street,,Wellsville,New York,14895,5855931100,,,2,Allegany,1,Western Regional Office - Buffalo,,,0228000H,The Memorial Hospital of William F & Gertrude F Jones Inc,191 North Main Street,,Wellsville,New York,14895,,,,,New York,,Not for Profit Corporation,42.122921,-77.949974,"(42.122921, -77.949974)",923,2031,57,,340
000042,United Health Services Hospitals Inc. - Binghamton General Hospital,HOSP,Hospital,02/01/1980,10-42 Mitchell Avenue,,Binghamton,New York,13903,6077622200,,,3,Broome,3,Central New York Regional Office,,,0303001H,United Health Services Hospitals Inc,Po Box 54o,,Johnson City,New York,13790,,,,,New York,,Not for Profit Corporation,42.088062,-75.91423,"(42.088062, -75.91423)",477,2033,45,4,312
000043,Our Lady of Lourdes Memorial Hospital,HOSP,Hospital,01/01/1901,169 Riverside Drive,,Binghamton,New York,13905,6077985111,,,3,Broome,3,Central New York Regional Office,,,0301001H,Our Lady of Lourdes Memorial Hospital Inc,169 Riverside Drive,,Binghamton,New York,13905,,,,,New York,,Not for Profit Corporation,42.092606,-75.935646,"(42.092606, -75.935646)",479,2033,45,4,312
000058,United Health Services Hospitals Inc. - Wilson Medical Center,HOSP,Hospital,02/01/1979,33-57 Harrison Street,,Johnson City,New York,13790,6077636000,,,3,Broome,3,Central New York Regional Office,United Health Services Hospitals Inc. - Binghamton General Hospital,42,0303001H,United Health Services Hospitals Inc,Po Box 54o,,Johnson City,New York,13790,,,,,New York,,Not for Profit Corporation,42.115063,-75.959122,"(42.115063, -75.959122)",429,2033,45,,346
000066,Olean General Hospital,HOSP,Hospital,01/01/1901,515 Main Street,,Olean,New York,14760,7163756171,7163756394,,4,Cattaraugus,1,Western Regional Office - Buffalo,,,0401001H,Olean General Hospital Inc,515 Main Street,,Olean,New York,14760,Kaleida Health,100 High Street,,Buffalo,New York,14203,Not for Profit Corporation,42.089844,-78.42688,"(42.089844, -78.42688)",1732,2034,57,,308
000085,Auburn Community Hospital,HOSP,Hospital,01/01/1901,17 Lansing Street,,Auburn,New York,13021,3152557209,,,5,Cayuga,3,Central New York Regional Office,,,0501000H,Auburn Community Hospital,Lansing Street,,Auburn,New York,13021,,,,,New York,,Not for Profit Corporation,42.940811,-76.564758,"(42.940811, -76.564758)",343,618,43,,660
000098,"Brooks-TLC Hospital System, Inc.",HOSP,Hospital,01/01/1901,529 Central Avenue,,Dunkirk,New York,14048,7163661111,,,6,Chautauqua,1,Western Regional Office - Buffalo,,,0601000H,"Brooks-TLC Hospital System, Inc.",529 Central Avenue,,Dunkirk,New York,14048,,,,,New York,,Not for Profit Corporation,42.480774,-79.33387,"(42.480774, -79.33387)",508,2035,57,,514
000102,UPMC Chautauqua at WCA,HOSP,Hospital,08/17/1990,51 Glasgow Avenue,,Jamestown,New York,14701,7164870141,7166648336,,6,Chautauqua,1,Western Regional Office - Buffalo,UPMC Chautauqua at WCA,103,0602001H,UPMC Chautauqua at WCA,207 Foote Avenue,,Jamestown,New York,14701,"UPMC Chautauqua Services, Inc.",207 Foote Avenue,,Jamestown,New York,14701,Not for Profit Corporation,42.091541,-79.245094,"(42.091541, -79.245094)",1687,2035,57,,341
000103,UPMC Chautauqua at WCA,HOSP,Hospital,01/01/1901,207 Foote Avenue,,Jamestown,New York,14701,7164870141,7166648336,,6,Chautauqua,1,Western Regional Office - Buffalo,,,0602001H,UPMC Chautauqua at WCA,207 Foote Avenue,,Jamestown,New York,14701,"UPMC Chautauqua Services, Inc.",207 Foote Avenue,,Jamestown,New York,14701,Not for Profit Corporation,42.091236,-79.232872,"(42.091236, -79.232872)",1687,2035,57,,341
000111,Westfield Memorial Hospital Inc,HOSP,Hospital,01/01/1901,189 E Main Street,,Westfield,New York,14787,7163264921,,,6,Chautauqua,1,Western Regional Office - Buffalo,,,0632000H,Westfield Memorial Hospital Inc,189 East Main Street,,Westfield,New York,14787,St. Vincent's Health System,232 West 25th Street,,Erie,New York,16544,Not for Profit Corporation,42.327965,-79.569412,"(42.327965, -79.569412)",1746,2035,57,,433
000116,Arnot Ogden Medical Center,HOSP,Hospital,01/01/1901,600 Roe Avenue,,Elmira,New York,14905,6077374230,,,7,Chemung,2,Western Regional Office - Rochester,,,0701000H,Arnot Ogden Medical Center,600 Roe Avenue,,Elmira,New York,14905,Arnot Health Inc.,600 Roe Avenue,,Elmira,New York,14905,Not for Profit Corporation,42.099285,-76.826782,"(42.099285, -76.826782)",926,2036,58,,315
000118,St. Joseph's Hospital,HOSP,Hospital,01/01/1901,555 St. Joseph's Boulevard,,Elmira,New York,14901,6077336541,,,7,Chemung,2,Western Regional Office - Rochester,Arnot Ogden Medical Center,116,0701000H,Arnot Ogden Medical Center,600 Roe Avenue,,Elmira,New York,14905,Arnot Health Inc.,600 Roe Avenue,,Elmira,New York,14905,Not for Profit Corporation,42.091446,-76.79686,"(42.091446, -76.79686)",926,2036,58,,315
000128,Chenango Memorial Hospital Inc,HOSP,Hospital,01/01/1901,179 North Broad St,,Norwich,New York,13815,6073374111,,,8,Chenango,3,Central New York Regional Office,,,0824000H,Chenango Memorial Hospital Inc,179 North Broad Street,,Norwich,New York,13815,,,,,New York,,Not for Profit Corporation,42.541813,-75.524773,"(42.541813, -75.524773)",446,2037,45,,530
000135,The University of Vermont Health Network - Champlain Valley Physicians Hospital,HOSP,Hospital,01/01/1901,75 Beekman St,,Plattsburgh,New York,12901,5185612000,,,9,Clinton,4,Capital District Regional Office,,,0901001H,Champlain Valley Physicians Hospital Medical Center Inc,100 Beekman Street,,Plattsburgh,New York,12901,"The University of Vermont Health Network, Inc.",111 Colchester Avenue,,Burlington,New York,5401,Not for Profit Corporation,44.700279,-73.466751,"(44.700279, -73.466751)",202,2038,35,,909
000146,Columbia Memorial Hospital,HOSP,Hospital,01/01/1901,71 Prospect Ave,,Hudson,New York,12534,5188287601,,,10,Columbia,4,Capital District Regional Office,,,1001000H,Columbia Memorial Hospital,71 Prospect Avenue,,Hudson,New York,12534,Albany Med Health System,New Scotland Avenue,,Albany,New York,12208,Not for Profit Corporation,42.246239,-73.776306,"(42.246239, -73.776306)",977,619,33,,389
000158,Guthrie Cortland Medical Center,HOSP,Hospital,01/01/1901,134 Homer Avenue,,Cortland,New York,13045,6077567525,,,11,Cortland,3,Central New York Regional Office,,,1101000H,Guthrie Cortland Medical Center,134 Homer Avenue,,Cortland,New York,13045,The Guthrie Clinic,1 Guthrie Square,,Sayre,New York,18840,Not for Profit Corporation,42.609051,-76.186195,"(42.609051, -76.186195)",362,620,44,,442
000180,Mid-Hudson Valley Division of Westchester Medical Center,HOSP,Hospital,01/01/1901,241 North Road,,Poughkeepsie,New York,12601,8454835000,,,13,Dutchess,6,Metropolitan Area Regional Office - New Rochelle,Westchester Medical Center,1139,5957001H,Westchester County Health Care Corporation,"100 Woods Road, Taylor Pavilion 2nd Floor",,Valhalla,New York,10595,,,,,New York,,Public Benefit Corporation,41.717392,-73.92942,"(41.717392, -73.92942)",1021,2040,30,46,184
000181,Vassar Brothers Medical Center,HOSP,Hospital,01/01/1901,45 Reade Place,,Poughkeepsie,New York,12601,8454548500,,,13,Dutchess,6,Metropolitan Area Regional Office - New Rochelle,,,1302001H,"Health Quest Systems, Inc.",45 Reade Place,,Poughkeepsie,New York,12601,Nuvance Health,"1351 Route 55, Suite 200",,LaGrangeville,New York,12540,Not for Profit Corporation,41.694523,-73.935799,"(41.694523, -73.935799)",1021,2040,30,,287
000192,Northern Dutchess Hospital,HOSP,Hospital,01/01/1901,6511 Springbrook Avenue,,Rhinebeck,New York,12572,8458713001,,,13,Dutchess,6,Metropolitan Area Regional Office - New Rochelle,,,1327000H,Northern Dutchess Hospital Inc,Springbrook Avenue,,Rhinebeck,New York,12572,Nuvance Health,"1351 Route 55, Suite 200",,LaGrangeville,New York,12540,Not for Profit Corporation,41.934223,-73.912331,"(41.934223, -73.912331)",1006,2040,30,44,297
000207,Buffalo General Medical Center,HOSP,Hospital,02/01/1980,100 High Street,,Buffalo,New York,14203,7168595600,,,14,Erie,1,Western Regional Office - Buffalo,,,1401014H,Kaleida Health,100 High Street,,Buffalo,New York,14203,,,,,New York,,Not for Profit Corporation,42.900394,-78.865707,"(42.900394, -78.865707)",34,2041,63,,728
000208,John R. Oishei Children's Hospital,HOSP,Hospital,02/01/1978,818 Ellicott Street,,Buffalo,New York,14203,7168787000,,,14,Erie,1,Western Regional Office - Buffalo,Buffalo General Medical Center,207,1401014H,Kaleida Health,100 High Street,,Buffalo,New York,14203,,,,,New York,,Not for Profit Corporation,42.900716,-78.867203,"(42.900716, -78.867203)",34,2041,63,,728
000210,Erie County Medical Center,HOSP,Hospital,01/01/1901,462 Grider Street,,Buffalo,New York,14215,7168983000,,,14,Erie,1,Western Regional Office - Buffalo,,,1401005H,Erie County Medical Center Corporation,462 Grider Street,,Buffalo,New York,14215,,,,,New York,,Public Benefit Corporation,42.92717,-78.829224,"(42.92717, -78.829224)",71,2041,63,,728
000213,Mercy Hospital of Buffalo,HOSP,Hospital,01/01/1901,565 Abbott Road,,Buffalo,New York,14220,7168267000,,,14,Erie,1,Western Regional Office - Buffalo,,,1401008H,Mercy Hospital of Buffalo Inc,565 Abbott Road,,Buffalo,New York,14220,"Catholic Health System, Inc.",144 Genesee Street,,Buffalo,New York,14203,Not for Profit Corporation,42.84853,-78.812859,"(42.84853, -78.812859)",109,2041,63,,728
000216,Roswell Park Cancer Institute,HOSP,Hospital,01/01/1901,Elm and Carlton Streets,,Buffalo,New York,14263,7168452300,,,14,Erie,1,Western Regional Office - Buffalo,,,1401010H,Roswell Park Cancer Institute Corporation,Elm & Carlton Streets,,Buffalo,New York,14263,,,,,New York,,Public Benefit Corporation,42.898525,-78.865013,"(42.898525, -78.865013)",34,2041,63,,728
000218,Sisters of Charity Hospital,HOSP,Hospital,01/01/1901,2157 Main Street,,Buffalo,New York,14214,7168621000,,,14,Erie,1,Western Regional Office - Buffalo,,,1401013H,Sisters of Charity Hospital of Buffalo New York Inc,2157 Main Street,,Buffalo,New York,14214,"Catholic Health System, Inc.",144 Genesee Street,,Buffalo,New York,14203,Not for Profit Corporation,42.92905,-78.849953,"(42.92905, -78.849953)",70,2041,63,,728
000245,Stony Brook University Hospital,HOSP,Hospital,01/21/1980,Health Sciences Center SUNY,,Stony Brook,New York,11794,6314442701,,,51,Suffolk,7,Metropolitan Area Regional Office - Long Island,,,5151001H,State University of New York,178-50 Linden Blvd,,Jamaica,New York,11434,,,,,New York,,State,40.909217,-73.115198,"(40.909217, -73.115198)",1430,2179,2,,208
000267,Kenmore Mercy Hospital,HOSP,Hospital,01/01/1901,2950 Elmwood Avenue,,Kenmore,New York,14217,7164476100,,,14,Erie,1,Western Regional Office - Buffalo,,,1404000H,Kenmore Mercy Hospital,2950 Elmwood Avenue,,Kenmore,New York,14217,"Catholic Health System, Inc.",144 Genesee Street,,Buffalo,New York,14203,Not for Profit Corporation,42.977848,-78.878754,"(42.977848, -78.878754)",106,2041,60,59,732
000280,Bertrand Chaffee Hospital,HOSP,Hospital,01/01/1901,224 East Main St,,Springville,New York,14141,7165922871,,,14,Erie,1,Western Regional Office - Buffalo,,,1427000H,Bertrand Chaffee Hospital,224 East Main Street,,Springville,New York,14141,,,,,New York,,Not for Profit Corporation,42.508575,-78.659103,"(42.508575, -78.659103)",5,2041,59,,504
000292,Sisters of Charity Hospital - St. Joseph Campus,HOSP,Hospital,01/01/1901,2605 Harlem Road,,Cheektowaga,New York,14225,7168912400,,,14,Erie,1,Western Regional Office - Buffalo,Sisters of Charity Hospital,218,1401013H,Sisters of Charity Hospital of Buffalo New York Inc,2157 Main Street,,Buffalo,New York,14214,"Catholic Health System, Inc.",144 Genesee Street,,Buffalo,New York,14203,Not for Profit Corporation,42.914642,-78.784241,"(42.914642, -78.784241)",160,2041,63,,697
000306,Adirondack Medical Center-Lake Placid Site,HOSP,Hospital,01/01/1991,203 Old Military Road,,Lake Placid,New York,12946,5185233311,,,15,Essex,4,Capital District Regional Office,Adirondack Medical Center-Saranac Lake Site,324,1623001H,Adirondack Medical Center,Lake Colby Drive,,Saranac Lake,New York,12983,,,,,New York,,Not for Profit Corporation,44.266376,-73.98455,"(44.266376, -73.98455)",275,2084,35,,913
000324,Adirondack Medical Center-Saranac Lake Site,HOSP,Hospital,01/01/1991,"2233 State Route 86, P.O. Box 471",,Saranac Lake,New York,12983,5188914141,,,16,Franklin,4,Capital District Regional Office,,,1623001H,Adirondack Medical Center,Lake Colby Drive,,Saranac Lake,New York,12983,,,,,New York,,Not for Profit Corporation,44.343929,-74.144363,"(44.343929, -74.144363)",303,621,35,,823
000325,The University of Vermont Health Network - Alice Hyde Medical Center,HOSP,Hospital,01/01/1901,133 Park Street,,Malone,New York,12953,5184833000,,,16,Franklin,4,Capital District Regional Office,,,1624000H,Alice Hyde Medical Center,115 Park St,,Malone,New York,12953,"The University of Vermont Health Network, Inc.",111 Colchester Avenue,,Burlington,New York,5401,Not for Profit Corporation,44.85677,-74.291893,"(44.85677, -74.291893)",278,621,35,77,926
000330,Nathan Littauer Hospital,HOSP,Hospital,01/01/1901,99 East State Street,,Gloversville,New York,12078,5187258621,,,17,Fulton,4,Capital District Regional Office,,,1701000H,Nathan Littauer Hospital Inc,99 East State Street,,Gloversville,New York,12078,,,,,New York,,Not for Profit Corporation,43.068096,-74.330643,"(43.068096, -74.330643)",1227,2085,42,,830
000339,United Memorial Medical Center North Street Campus,HOSP,Hospital,01/01/1901,127 North St,,Batavia,New York,14020,5853436030,,,18,Genesee,1,Western Regional Office - Buffalo,,,1801000H,United Memorial Medical Center,127 North St,,Batavia,New York,14020,Rochester Regional Health,89 Genesee Street,,Rochester,New York,14611,Not for Profit Corporation,43.00404,-78.177475,"(43.00404, -78.177475)",489,2086,61,,752
000340,United Memorial Medical Center Bank Street Campus,HOSP,Hospital,01/01/2000,16 Bank Street,,Batavia,New York,14020,5853436030,,,18,Genesee,1,Western Regional Office - Buffalo,United Memorial Medical Center North Street Campus,339,1801000H,United Memorial Medical Center,127 North St,,Batavia,New York,14020,Rochester Regional Health,89 Genesee Street,,Rochester,New York,14611,Not for Profit Corporation,42.998436,-78.181587,"(42.998436, -78.181587)",489,2086,61,,752
000367,Samaritan Medical Center,HOSP,Hospital,01/01/1901,830 Washington Street,,Watertown,New York,13601,3157854000,,,22,Jefferson,3,Central New York Regional Office,,,2201000H,Samaritan Medical Center,830 Washington St,,Watertown,New York,13601,,,,,New York,,Not for Profit Corporation,43.964928,-75.912827,"(43.964928, -75.912827)",1466,2089,41,,899
000393,Nicholas H. Noyes Memorial Hospital,HOSP,Hospital,01/01/1901,111 Clara Barton Street,,Dansville,New York,14437,5853356001,,,25,Livingston,2,Western Regional Office - Rochester,,,2527000H,Nicholas H Noyes Memorial Hospital,111 Clara Barton Street,,Dansville,New York,11437,,,,,New York,,Not for Profit Corporation,42.551964,-77.700195,"(42.551964, -77.700195)",228,2091,57,,576
000397,Oneida Health Hospital,HOSP,Hospital,02/01/1979,321 Genesee Street,,Oneida,New York,13421,3153636000,,,26,Madison,3,Central New York Regional Office,,,2601001H,"Oneida Health Systems, Inc",323 Genesee Street,,Oneida,New York,13421,,,,,New York,,Not for Profit Corporation,43.07869,-75.654449,"(43.07869, -75.654449)",1280,2092,46,,786
000409,Highland Hospital,HOSP,Hospital,01/01/1901,1000 South Avenue,,Rochester,New York,14620,5854732200,,,27,Monroe,2,Western Regional Office - Rochester,,,2701001H,"Strong Partners Health System, Inc.",601 Elmwood Avenue,,Rochester,New York,14642,Highland Hospital of Rochester Inc,South Avenue At Bellevue Dr,,Rochester,New York,14620,Not for Profit Corporation,43.135769,-77.607544,"(43.135769, -77.607544)",1679,2093,61,50,844
000411,Rochester General Hospital,HOSP,Hospital,01/01/1901,1425 Portland Avenue,,Rochester,New York,14621,5859224000,,,27,Monroe,2,Western Regional Office - Rochester,,,2701003H,Rochester General Hospital Inc,905 Culver Road,,Rochester,New York,14609,Rochester Regional Health,89 Genesee Street,,Rochester,New York,14611,Not for Profit Corporation,43.192619,-77.584503,"(43.192619, -77.584503)",1680,2093,55,23,844
000412,Unity Specialty Hospital,HOSP,Hospital,01/01/1970,89 Genesee Street,,Rochester,New York,14611,5857237000,,,27,Monroe,2,Western Regional Office - Rochester,The Unity Hospital of Rochester,471,2754001H,The Unity Hospital of Rochester,1555 Long Pond Road,,Rochester,New York,14626,Rochester Regional Health,89 Genesee Street,,Rochester,New York,14611,Not for Profit Corporation,43.14901,-77.636139,"(43.14901, -77.636139)",1669,2093,56,50,844
000413,Strong Memorial Hospital,HOSP,Hospital,01/01/1901,601 Elmwood Avenue,,Rochester,New York,14642,5852758387,5852731118,,27,Monroe,2,Western Regional Office - Rochester,,,2701005H,University of Rochester Inc,601 Elmwood Avenue,,Rochester,New York,14620,,,,,New York,,Not for Profit Corporation,43.124336,-77.623779,"(43.124336, -77.623779)",1679,2093,61,50,844
000471,The Unity Hospital of Rochester,HOSP,Hospital,01/01/1901,1555 Long Pond Road,,Rochester,New York,14626,5857237000,,,27,Monroe,2,Western Regional Office - Rochester,,,2754001H,The Unity Hospital of Rochester,1555 Long Pond Road,,Rochester,New York,14626,Rochester Regional Health,89 Genesee Street,,Rochester,New York,14611,Not for Profit Corporation,43.191551,-77.701538,"(43.191551, -77.701538)",1685,2093,56,,854
000482,St. Mary's Healthcare - Amsterdam Memorial Campus,HOSP,Hospital,01/01/1901,4988 Sthwy 30,,Amsterdam,New York,12010,5188423100,,,28,Montgomery,4,Capital District Regional Office,St. Mary's Healthcare,484,2801001H,St. Mary's Healthcare,427 Guy Park Ave,,Amsterdam,New York,12010,,,,,New York,,Not for Profit Corporation,42.961201,-74.186272,"(42.961201, -74.186272)",1143,624,36,,707
000484,St. Mary's Healthcare,HOSP,Hospital,01/01/1901,427 Guy Park Avenue,,Amsterdam,New York,12010,5188421900,,,28,Montgomery,4,Capital District Regional Office,,,2801001H,St. Mary's Healthcare,427 Guy Park Ave,,Amsterdam,New York,12010,,,,,New York,,Not for Profit Corporation,42.953758,-74.216194,"(42.953758, -74.216194)",1143,624,36,2,707
000490,Glen Cove Hospital,HOSP,Hospital,01/01/1901,101 St Andrews Lane,,Glen Cove,New York,11542,5166747588,,,29,Nassau,7,Metropolitan Area Regional Office - Long Island,,,2901000H,Glen Cove Hospital,St Andrews Lane,,Glen Cove,New York,11542,"Northwell Healthcare, Inc.",2000 Marcus Ave.,,New Hyde Park,New York,11042,Not for Profit Corporation,40.871731,-73.62159,"(40.871731, -73.62159)",1358,2094,5,,174
000511,NYU Langone Hospital-Long Island,HOSP,Hospital,01/01/1901,259 First Street,,Mineola,New York,11501,5166630333,,,29,Nassau,7,Metropolitan Area Regional Office - Long Island,NYU Langone Hospitals,1463,7002053H,NYU Langone Hospitals,550 First Avenue,,New York,New York,10016,,,,,New York,,Not for Profit Corporation,40.741699,-73.643082,"(40.741699, -73.643082)",1265,2094,7,,23
000513,Mercy Hospital,HOSP,Hospital,08/01/1979,1000 North Village Avenue,,Rockville Centre,New York,11570,5167052525,,,29,Nassau,7,Metropolitan Area Regional Office - Long Island,,,2909000H,Mercy Medical Center,393 Front Street,,Hempstead,New York,11530,"Catholic Health System of Long Island, Inc.",1 Huntington Quadrangle,,Melville,New York,11747,Not for Profit Corporation,40.688408,-73.63324,"(40.688408, -73.63324)",1571,2094,6,,75
000518,Long Island Jewish Valley Stream,HOSP,Hospital,01/01/1901,900 Franklin Avenue,,Valley Stream,New York,11580,5162566000,,,29,Nassau,7,Metropolitan Area Regional Office - Long Island,Long Island Jewish Medical Center,1630,7003004H,Long Island Jewish Medical Center,270-05 76 Avenue,,New Hyde Park,New York,11040,"Northwell Healthcare, Inc.",2000 Marcus Ave.,,New Hyde Park,New York,11042,Not for Profit Corporation,40.681789,-73.685814,"(40.681789, -73.685814)",995,2094,9,,44
000527,Mount Sinai South Nassau,HOSP,Hospital,01/01/1901,One Healthy Way,,Oceanside,New York,11572,5166323000,,,29,Nassau,7,Metropolitan Area Regional Office - Long Island,,,2950001H,South Nassau Communities Hospital Inc,2445 Oceanside Road,,Oceanside,New York,11572,"Mount Sinai Hospitals Group, Inc.",One Gustave L. Levy Place,,New York,New York,10029,Not for Profit Corporation,40.649601,-73.6315,"(40.649601, -73.6315)",1572,2094,9,,14
000528,Nassau University Medical Center,HOSP,Hospital,01/01/1901,2201 Hempstead Turnpike,,East Meadow,New York,11554,5165720123,,,29,Nassau,7,Metropolitan Area Regional Office - Long Island,,,2950002H,Nassau Health Care Corporation,240 Old Country Road,,Mineola,New York,11501,,,,,New York,,Public Benefit Corporation,40.725353,-73.554321,"(40.725353, -73.554321)",1459,2094,6,,96
000541,North Shore University Hospital,HOSP,Hospital,01/01/1901,300 Community Drive,,Manhasset,New York,11030,5165628730,,,29,Nassau,7,Metropolitan Area Regional Office - Long Island,,,2951001H,North Shore University Hospital Inc,300 Community Drive,,Manhasset,New York,11030,"Northwell Healthcare, Inc.",2000 Marcus Ave.,,New Hyde Park,New York,11042,Not for Profit Corporation,40.77924,-73.702888,"(40.77924, -73.702888)",868,2094,7,,132
000550,Syosset Hospital,HOSP,Hospital,11/18/1984,221 Jericho Turnpike,,Syosset,New York,11791,5164966400,,,29,Nassau,7,Metropolitan Area Regional Office - Long Island,North Shore University Hospital,541,2951001H,North Shore University Hospital Inc,300 Community Drive,,Manhasset,New York,11030,"Northwell Healthcare, Inc.",2000 Marcus Ave.,,New Hyde Park,New York,11042,Not for Profit Corporation,40.810238,-73.508614,"(40.810238, -73.508614)",1431,2094,5,,145
000551,St. Joseph Hospital,HOSP,Hospital,08/01/1980,4295 Hempstead Turnpike,,Bethpage,New York,11714,5165796000,,,29,Nassau,7,Metropolitan Area Regional Office - Long Island,,,2952006H,WSNCHS North Inc,4295 Hempstead Turnpike,,Bethage,New York,11714,"Catholic Health System of Long Island, Inc.",1 Huntington Quadrangle,,Melville,New York,11747,Not for Profit Corporation,40.725853,-73.478714,"(40.725853, -73.478714)",1071,2094,6,,78
000552,Plainview Hospital,HOSP,Hospital,02/01/1979,888 Old Country Road,,Plainview,New York,11803,5167193000,,,29,Nassau,7,Metropolitan Area Regional Office - Long Island,,,2952005H,Plainview Hospital,888 Old County Road,,Plainview,New York,11803,"Northwell Healthcare, Inc.",2000 Marcus Ave.,,New Hyde Park,New York,11042,Not for Profit Corporation,40.774471,-73.478264,"(40.774471, -73.478264)",1490,2094,5,,82
000563,St. Francis Hospital & Heart Center,HOSP,Hospital,01/01/1901,100 Port Washington Boulevard,,Roslyn,New York,11576,5165626000,,,29,Nassau,7,Metropolitan Area Regional Office - Long Island,,,2953000H,St Francis Hospital Inc,1 Huntington Quadrangle Suite 4 Co4,,Melville,New York,11747,"Catholic Health System of Long Island, Inc.",1 Huntington Quadrangle,,Melville,New York,11747,Not for Profit Corporation,40.800301,-73.669098,"(40.800301, -73.669098)",992,2094,7,,130
000565,Eastern Niagara Hospital - Lockport Division,HOSP,Hospital,01/01/1901,521 East Avenue,,Lockport,New York,14094,7165145700,,,31,Niagara,1,Western Regional Office - Buffalo,,,3101000H,Eastern Niagara Hospital,521 East Avenue,,Lockport,New York,14094,,,,,New York,,Not for Profit Corporation,43.176472,-78.670998,"(43.176472, -78.670998)",930,2131,62,,838
000574,Niagara Falls Memorial Medical Center,HOSP,Hospital,01/01/1901,621 Tenth Street,,Niagara Falls,New York,14302,7162784000,,,31,Niagara,1,Western Regional Office - Buffalo,,,3102000H,Niagara Falls Memorial Medical Center,621 Tenth St,,Niagara Falls,New York,14302,,,,,New York,,Not for Profit Corporation,43.094048,-79.0504,"(43.094048, -79.0504)",166,2131,62,,780
000581,Degraff Memorial Hospital,HOSP,Hospital,08/21/1979,445 Tremont Street,,North Tonawanda,New York,14120,7166944500,,,31,Niagara,1,Western Regional Office - Buffalo,Buffalo General Medical Center,207,1401014H,Kaleida Health,100 High Street,,Buffalo,New York,14203,,,,,New York,,Not for Profit Corporation,43.026154,-78.862457,"(43.026154, -78.862457)",953,2131,62,32,781
000583,Mount St. Mary's Hospital and Health Center,HOSP,Hospital,02/01/1979,5300 Military Road,,Lewiston,New York,14092,7162974800,,,31,Niagara,1,Western Regional Office - Buffalo,,,3121001H,Mount St Marys Hospital of Niagara Falls,5300 Military Road,,Lewiston,New York,14092,"Catholic Health System, Inc.",144 Genesee Street,,Buffalo,New York,14203,Not for Profit Corporation,43.154659,-79.030556,"(43.154659, -79.030556)",534,2131,62,,861
000589,"Rome Memorial Hospital, Inc",HOSP,Hospital,08/01/1979,1500 N James St,,Rome,New York,13440,3153387000,,,32,Oneida,3,Central New York Regional Office,,,3201002H,"Rome Memorial Hospital, Inc",1500 North James Street,,Rome,New York,13440,,,,,New York,,Not for Profit Corporation,43.229935,-75.443466,"(43.229935, -75.443466)",1366,625,40,,862
000598,St Elizabeth Medical Center,HOSP,Hospital,01/01/1901,2209 Genesee St,,Utica,New York,13501,3157988100,,,32,Oneida,3,Central New York Regional Office,,,3202002H,St Elizabeth Medical Center,2209 Genesee St,,Utica,New York,13501,Mohawk Valley Health System,1656 Champlin Ave,,Utica,New York,13502,Not for Profit Corporation,43.083561,-75.267189,"(43.083561, -75.267189)",1464,625,40,,774
000599,Faxton-St Lukes Healthcare St Lukes Division,HOSP,Hospital,01/01/1901,1656 Champlin  Avenue,,Utica,New York,13502,3156246001,,,32,Oneida,3,Central New York Regional Office,,,3202003H,Faxton-St Lukes Healthcare,1656 Champlin Avenue,,New Hartford,New York,13503,Mohawk Valley Health System,1656 Champlin Ave,,Utica,New York,13502,Not for Profit Corporation,43.098179,-75.275383,"(43.098179, -75.275383)",1274,625,40,,765
000628,UPSTATE University Hospital at Community General,HOSP,Hospital,01/01/1901,4900 Broad Road,,Syracuse,New York,13215,3154925953,3154915414,,33,Onondaga,3,Central New York Regional Office,University Hospital SUNY Health Science Center,635,3301007H,State University of New York,178-50 Linden Blvd,,Jamaica,New York,11434,,,,,New York,,State,43.007816,-76.17025,"(43.007816, -76.17025)",732,2132,43,,745
000630,St. Joseph's Hospital Health Center,HOSP,Hospital,01/01/1901,301 Prospect Avenue,,Syracuse,New York,13203,3154485111,,,33,Onondaga,3,Central New York Regional Office,,,3301003H,St Joseph's Hospital Health Center,301 Prospect Avenue,,Syracuse,New York,13203,Trinity Health Corporation,20555 Victor Parkway,,Livonia,New York,48152,Not for Profit Corporation,43.055744,-76.149384,"(43.055744, -76.149384)",712,2132,43,,755
000635,University Hospital SUNY Health Science Center,HOSP,Hospital,01/01/1901,750 East Adams Street,,Syracuse,New York,13210,3154645540,,,33,Onondaga,3,Central New York Regional Office,,,3301007H,State University of New York,178-50 Linden Blvd,,Jamaica,New York,11434,,,,,New York,,State,43.042622,-76.138809,"(43.042622, -76.138809)",728,2132,46,,755
000636,Crouse Hospital,HOSP,Hospital,01/01/1901,736 Irving Avenue,,Syracuse,New York,13210,3154707111,,,33,Onondaga,3,Central New York Regional Office,,,3301008H,Crouse Health Hospital Inc,736 Irving Avenue,,Syracuse,New York,13210,"Crouse Health System, Inc.",736 Irving Avenue,,Syracuse,New York,13210,Not for Profit Corporation,43.041107,-76.137932,"(43.041107, -76.137932)",728,2132,46,,755
000671,Geneva General Hospital,HOSP,Hospital,01/01/1901,196-198 North Street,,Geneva,New York,14456,3157874000,,,34,Ontario,2,Western Regional Office - Rochester,,,3402000H,Geneva General Hospital Inc,196 198 North Street,,Geneva,New York,14456,,,,,New York,,Not for Profit Corporation,42.875748,-76.987427,"(42.875748, -76.987427)",233,2133,54,,671
000676,Clifton Springs Hospital and Clinic,HOSP,Hospital,01/01/1901,2 Coulter Road,,Clifton Springs,New York,14432,3154621311,,,34,Ontario,2,Western Regional Office - Rochester,,,3421000H,Clifton Springs Sanitarium Co,2 Coulter Road,,Clifton Springs,New York,14432,Rochester Regional Health,89 Genesee Street,,Rochester,New York,14611,Not for Profit Corporation,42.960537,-77.138863,"(42.960537, -77.138863)",182,2133,54,,744
000678,F.F. Thompson Hospital,HOSP,Hospital,01/01/1901,350 Parrish Street,,Canandaigua,New York,14424,7163966527,,,34,Ontario,2,Western Regional Office - Rochester,,,3429000H,The Frederick Ferris Thompson Hospital,350 Parrish Street,,Canandaigua,New York,14424,,,,,New York,,Not for Profit Corporation,42.875027,-77.289818,"(42.875027, -77.289818)",178,2133,54,,691
000694,St Luke's Cornwall Hospital/Newburgh,HOSP,Hospital,02/01/1979,70 Dubois Street,,Newburgh,New York,12550,8455614400,,,35,Orange,6,Metropolitan Area Regional Office - New Rochelle,,,3522000H,St Luke's Cornwall Hospital,19 Laurel Avenue,,Cornwall,New York,12518,"Montefiore Health System, Inc",111 East 210th Street,,Bronx,New York,10467,Not for Profit Corporation,41.503017,-74.015129,"(41.503017, -74.015129)",987,2134,28,38,277
000699,Garnet Health Medical Center,HOSP,Hospital,01/01/1901,707 East Main Street,,Middletown,New York,10940,8453331000,8453332801,,35,Orange,6,Metropolitan Area Regional Office - New Rochelle,,,3523000H,Garnet Health Medical Center,4 Harriman Drive,,Goshen,New York,10924,Garnet Health,4 Harriman Drive,,Goshen,New York,10924,Not for Profit Corporation,41.439953,-74.368744,"(41.439953, -74.368744)",1540,2134,32,,101
000704,St Anthony Community Hospital,HOSP,Hospital,01/01/1901,15 Maple Avenue,,Warwick,New York,10990,8459862276,,,35,Orange,6,Metropolitan Area Regional Office - New Rochelle,,,3529000H,Franciscan Sisters of the Poor Inc,15-19 Maple Avenue,,Warwick,New York,10990,Bon Secours Charity Health System Inc.,255 Lafayette Avenue,,Suffern,New York,10901,Not for Profit Corporation,41.260586,-74.357185,"(41.260586, -74.357185)",1656,2134,32,,61
000708,Bon Secours Community Hospital,HOSP,Hospital,01/01/1901,160 East Main Street,,Port Jervis,New York,12771,8458565351,,,35,Orange,6,Metropolitan Area Regional Office - New Rochelle,,,3535001H,Bon Secours Community Hospital,160 East Main Street,,Port Jervis,New York,12771,Bon Secours Charity Health System Inc.,255 Lafayette Avenue,,Suffern,New York,10901,Not for Profit Corporation,41.367916,-74.682487,"(41.367916, -74.682487)",1091,2134,32,,276
000727,Oswego Hospital,HOSP,Hospital,01/01/1901,110 W Sixth Street,,Oswego,New York,13126,3153495511,,,37,Oswego,3,Central New York Regional Office,,,3702000H,Oswego Hospital Inc,110 West Sixth Street,,Oswego,New York,13126,,,,,New York,,Not for Profit Corporation,43.454781,-76.516434,"(43.454781, -76.516434)",667,2135,41,35,471
000739,A.O. Fox Memorial Hospital,HOSP,Hospital,01/01/1901,One Norton Avenue,,Oneonta,New York,13820,6074322000,,https://www.bassett.org/locations/ao-fox-hospital,38,Otsego,4,Capital District Regional Office,,,3801000H,Aurelia Osborn Fox Memorial Hospital Society Inc,One Norton Avenue,,Oneonta,New York,13820,Bassett Healthcare Network,1 Atwell Road,,Cooperstown,New York,13326,Not for Profit Corporation,42.457405,-75.053261,"(42.457405, -75.053261)",447,2136,44,,479
000746,Mary Imogene Bassett Hospital,HOSP,Hospital,01/01/1901,One Atwell Road,,Cooperstown,New York,13326,6075473456,,,38,Otsego,4,Capital District Regional Office,,,3824000H,Mary Imogene Bassett Hospital Inc,Atwell Road,,Cooperstown,New York,13326,Bassett Healthcare Network,1 Atwell Road,,Cooperstown,New York,13326,Not for Profit Corporation,42.695793,-74.922684,"(42.695793, -74.922684)",540,2136,44,,607
000752,Putnam Hospital,HOSP,Hospital,01/01/1901,670 Stoneleigh Avenue,,Carmel,New York,10512,8452795711,,,39,Putnam,6,Metropolitan Area Regional Office - New Rochelle,,,3950000H,"Health Quest Systems, Inc.",Stoneleigh Avenue,,Carmel,New York,10512,Nuvance Health,"1351 Route 55, Suite 200",,LaGrangeville,New York,12540,Not for Profit Corporation,41.384766,-73.664413,"(41.384766, -73.664413)",1201,627,29,,104
000755,Samaritan Hospital - St. Mary's Campus,HOSP,Hospital,08/01/1979,1300 Massachusetts Avenue,,Troy,New York,12180,5182685000,,,41,Rensselaer,4,Capital District Regional Office,Samaritan Hospital,756,4102002H,Samaritan Hospital of Troy NY Inc,2215 Burdett Avenue,,Troy,New York,12180,Trinity Health Corporation,20555 Victor Parkway,,Livonia,New York,48152,Not for Profit Corporation,42.743382,-73.675735,"(42.743382, -73.675735)",11,2138,34,,590
000756,Samaritan Hospital,HOSP,Hospital,01/01/1901,2215 Burdett Avenue,,Troy,New York,12180,5182713300,,,41,Rensselaer,4,Capital District Regional Office,,,4102002H,Samaritan Hospital of Troy NY Inc,2215 Burdett Avenue,,Troy,New York,12180,Trinity Health Corporation,20555 Victor Parkway,,Livonia,New York,48152,Not for Profit Corporation,42.733574,-73.671455,"(42.733574, -73.671455)",11,2138,34,,590
000775,Helen Hayes Hospital,HOSP,Hospital,01/01/1901,51 N Route 9W,,West Haverstraw,New York,10993,8457864000,,,43,Rockland,6,Metropolitan Area Regional Office - New Rochelle,,,4322000H,New York State Department of Health,Empire State Plaza,Corning Tower  Room 1683,Albany,New York,12237,,,,,New York,,State,41.213886,-73.986,"(41.213886, -73.986)",855,628,28,,260
000776,Montefiore Nyack,HOSP,Hospital,01/01/1901,160 North Midland Avenue,,Nyack,New York,10960,8453482000,,,43,Rockland,6,Metropolitan Area Regional Office - New Rochelle,,,4324000H,Montefiore Nyack Hospital,Midland Avenue,,Nyack,New York,10960,"Montefiore Health System, Inc",111 East 210th Street,,Bronx,New York,10467,Not for Profit Corporation,41.096249,-73.924957,"(41.096249, -73.924957)",1548,628,27,84,124
000779,Good Samaritan Hospital of Suffern,HOSP,Hospital,01/01/1901,255 Lafayette Avenue,,Suffern,New York,10901,8453685000,,,43,Rockland,6,Metropolitan Area Regional Office - New Rochelle,,,4329000H,Good Samaritan Hosp of Suffern,Route 59,,Suffern,New York,10901,Bon Secours Charity Health System Inc.,255 Lafayette Avenue,,Suffern,New York,10901,Not for Profit Corporation,41.112255,-74.133003,"(41.112255, -74.133003)",1454,628,27,,242
000798,Claxton-Hepburn Medical Center,HOSP,Hospital,01/01/1901,214 King Street,,Ogdensburg,New York,13669,3153933600,,,44,Saint Lawrence,3,Central New York Regional Office,,,4401000H,Claxton-Hepburn Medical Center,214 King Street,,Ogdensburg,New York,13669,,,,,New York,,Not for Profit Corporation,44.692039,-75.499908,"(44.692039, -75.499908)",1591,2140,41,33,722
000804,Massena Hospital,HOSP,Hospital,01/01/1901,1 Hospital Drive,,Massena,New York,13662,3157641711,,,44,Saint Lawrence,3,Central New York Regional Office,,,4402001H,"Massena Hospital, Inc.",1 Hospital Drive,,Massena,New York,13662,"St. Lawrence Health System, Inc.",50 Leroy Street,,Potsdam,New York,13676,Not for Profit Corporation,44.936363,-74.907951,"(44.936363, -74.907951)",1585,2140,40,,935
000815,Canton-Potsdam Hospital,HOSP,Hospital,01/01/1901,50 Leroy Street,,Potsdam,New York,13676,3152653300,,,44,Saint Lawrence,3,Central New York Regional Office,,,4429000H,Canton-Potsdam Hospital,50 Leroy St,,Potsdam,New York,13676,"St. Lawrence Health System, Inc.",50 Leroy Street,,Potsdam,New York,13676,Not for Profit Corporation,44.676151,-74.981529,"(44.676151, -74.981529)",1597,2140,40,,918
000818,Saratoga Hospital,HOSP,Hospital,01/01/1901,211 Church Street,,Saratoga Springs,New York,12866,5185873222,,,45,Saratoga,4,Capital District Regional Office,,,4501000H,The Saratoga Hospital Inc,211 Church Street,,Saratoga Springs,New York,12866,Albany Med Health System,New Scotland Avenue,,Albany,New York,12208,Not for Profit Corporation,43.084843,-73.796341,"(43.084843, -73.796341)",147,2141,33,,813
000829,Ellis Hospital,HOSP,Hospital,01/01/1901,1101 Nott Street,,Schenectady,New York,12308,5182434000,,,46,Schenectady,4,Capital District Regional Office,,,4601001H,Ellis Hospital Inc,Route 146,,Schenectady,New York,12308,,,,,New York,,Not for Profit Corporation,42.819839,-73.918747,"(42.819839, -73.918747)",77,2142,42,,617
000831,Sunnyview Hospital and Rehabilitation Center,HOSP,Hospital,01/01/1901,1270 Belmont Avenue,,Schenectady,New York,12308,5183824500,,,46,Schenectady,4,Capital District Regional Office,,,4601004H,Sunnyview Hospital and Rehabilitation Center Inc,1270 Belmont Avenue,,Schenectady,New York,12308,Trinity Health Corporation,20555 Victor Parkway,,Livonia,New York,48152,Not for Profit Corporation,42.82206,-73.913651,"(42.82206, -73.913651)",77,2142,42,,617
000848,Ellis Hospital - Bellevue Woman's Care Center Division,HOSP,Hospital,08/01/1979,2210 Troy Road,,Niskayuna,New York,12309,5183469400,,,46,Schenectady,4,Capital District Regional Office,Ellis Hospital,829,4601001H,Ellis Hospital Inc,Route 146,,Schenectady,New York,12308,,,,,New York,,Not for Profit Corporation,42.793575,-73.879089,"(42.793575, -73.879089)",78,2142,42,,638
000866,Corning Hospital,HOSP,Hospital,01/01/1901,1 Guthrie Drive,,Corning,New York,14830,6079377200,,,50,Steuben,2,Western Regional Office - Rochester,,,5001000H,Corning Hospital Inc,South Wilbur Ave,,"Sayre, Pa",New York,18840,The Guthrie Clinic,1 Guthrie Square,,Sayre,New York,18840,Not for Profit Corporation,42.141293,-77.047562,"(42.141293, -77.047562)",1774,2178,58,,391
000870,St. James Hospital,HOSP,Hospital,01/01/1901,7329 Seneca Road North,,Hornell,New York,14843,6073248000,,,50,Steuben,2,Western Regional Office - Rochester,,,5002001H,St. James Hospital,411 Canisteo Street,,Hornell,New York,14843,,,,,New York,,Not for Profit Corporation,42.314438,-77.660164,"(42.314438, -77.660164)",1782,2178,58,,418
000873,Ira Davenport Memorial Hospital,HOSP,Hospital,01/01/1901,7571 State Route 54,,Bath,New York,14810,6077768500,,,50,Steuben,2,Western Regional Office - Rochester,,,5022000H,Ira Davenport Memorial Hospital Inc,Po Box 350 Route 54,,Bath,New York,14810,Arnot Ogden Medical Center,600 Roe Avenue,,Elmira,New York,14905,Not for Profit Corporation,42.372952,-77.278656,"(42.372952, -77.278656)",1757,2178,58,,454
000885,Long Island Community Hospital at NYU Langone Health,HOSP,Hospital,01/01/1901,101 Hospital Road,,Patchogue,New York,11772,6316547100,,,51,Suffolk,7,Metropolitan Area Regional Office - Long Island,,,5123000H,Long Island Community Hospital at NYU Langone Health,101 Hospital Road,,Patchogue,New York,11772,NYU Langone Health System,550 First Avenue,,New York,New York,10016,Not for Profit Corporation,40.778915,-72.978035,"(40.778915, -72.978035)",1322,2179,3,,134
000889,Stony Brook Southampton Hospital,HOSP,Hospital,01/01/1901,240 Meeting House Lane,,Southampton,New York,11968,6317268200,,,51,Suffolk,7,Metropolitan Area Regional Office - Long Island,Stony Brook University Hospital,245,5151001H,State University of New York,178-50 Linden Blvd,,Jamaica,New York,11434,,,,,New York,,State,40.885757,-72.380692,"(40.885757, -72.380692)",1130,2179,1,,205
000891,Stony Brook Eastern Long Island Hospital,HOSP,Hospital,01/01/1901,201 Manor Place,,Greenport,New York,11944,6314771000,,,51,Suffolk,7,Metropolitan Area Regional Office - Long Island,Stony Brook University Hospital,245,5151001H,State University of New York,178-50 Linden Blvd,,Jamaica,New York,11434,,,,,New York,,State,41.110958,-72.361282,"(41.110958, -72.361282)",1603,2179,1,71,241
000895,John T Mather Memorial Hospital of Port Jefferson New York Inc,HOSP,Hospital,01/01/1901,75 North Country Road,,Port Jefferson,New York,11777,6314731320,,,51,Suffolk,7,Metropolitan Area Regional Office - Long Island,,,5149000H,John T Mather of Port Jefferson NY Inc,North Country Road,,Port Jefferson,New York,11777,"Northwell Healthcare, Inc.",2000 Marcus Ave.,,New Hyde Park,New York,11042,Not for Profit Corporation,40.93816,-73.053894,"(40.93816, -73.053894)",1324,2179,1,,206
000896,St. Charles Hospital,HOSP,Hospital,01/01/1901,200 Belle Terre Road,,Port Jefferson,New York,11777,6314746600,,https://stcharleshospital.chsli.org/,51,Suffolk,7,Metropolitan Area Regional Office - Long Island,,,5149001H,"Catholic Health System of Long Island, Inc.",1 Huntington Quadrangle,,Melville,New York,11747,St Charles Hosp and Rehab Ctr Inc,200 Bell Terre Road,,Port Jefferson,New York,11777,Not for Profit Corporation,40.947533,-73.060081,"(40.947533, -73.060081)",1324,2179,1,,206
000913,Huntington Hospital,HOSP,Hospital,01/01/1901,270 Park Avenue,,Huntington,New York,11743,6313512200,,,51,Suffolk,7,Metropolitan Area Regional Office - Long Island,,,5153000H,Huntington Hospital Association,270 Park Avenue,,Huntington,New York,11743,"Northwell Healthcare, Inc.",2000 Marcus Ave.,,New Hyde Park,New York,11042,Not for Profit Corporation,40.879513,-73.417442,"(40.879513, -73.417442)",1120,2179,5,,165
000924,South Shore University Hospital,HOSP,Hospital,01/01/1901,301 East Main Street,,Bay Shore,New York,11706,6319683000,,,51,Suffolk,7,Metropolitan Area Regional Office - Long Island,,,5154000H,South Shore University Hospital,301 East Main Street,,Bay Shore,New York,11706,"Northwell Healthcare, Inc.",2000 Marcus Ave.,,New Hyde Park,New York,11042,Not for Profit Corporation,40.725014,-73.240372,"(40.725014, -73.240372)",1067,2179,4,,99
000925,Good Samaritan Hospital Medical Center,HOSP,Hospital,02/01/1979,1000 Montauk Highway,,West Islip,New York,11795,6313763000,,,51,Suffolk,7,Metropolitan Area Regional Office - Long Island,,,5154001H,Good Samaritan Hospital Medical Center,1000 Montauk Highway,,West Islip,New York,11795,"Catholic Health System of Long Island, Inc.",1 Huntington Quadrangle,,Melville,New York,11747,Not for Profit Corporation,40.696751,-73.286324,"(40.696751, -73.286324)",1485,2179,4,,91
000938,Peconic Bay Medical Center,HOSP,Hospital,01/01/1901,1 Heroes Way,,Riverhead,New York,11901,6315486000,,,51,Suffolk,7,Metropolitan Area Regional Office - Long Island,,,5155000H,Central Suffolk Hospital,1 Heroes Way,,Riverhead,New York,11901,"Northwell Healthcare, Inc.",2000 Marcus Ave.,,New Hyde Park,New York,11042,Not for Profit Corporation,40.9348,-72.6753,"(40.9348, -72.6753)",1530,2179,1,,216
000943,St Catherine of Siena Hospital,HOSP,Hospital,07/12/1977,50 Route 25A,,Smithtown,New York,11787,6318623107,,,51,Suffolk,7,Metropolitan Area Regional Office - Long Island,,,5157003H,"Catholic Health System of Long Island, Inc.",1 Huntington Quadrangle,,Melville,New York,11747,St Catherine Siena Med Ctr,1 Huntington Quadrangle,,Melville,New York,11747,Not for Profit Corporation,40.867531,-73.220222,"(40.867531, -73.220222)",1427,2179,2,54,189
000971,Garnet Health Medical Center - Catskills,HOSP,Hospital,01/01/1901,68 Harris-Bushville Road P.O. Box 800,,Harris,New York,12742,8457943300,8457943240,,52,Sullivan,6,Metropolitan Area Regional Office - New Rochelle,,,5263000H,Garnet Health Medical Center - Catskills,Route 97,,Callicoon,New York,12723,Garnet Health,4 Harriman Drive,,Goshen,New York,10924,Not for Profit Corporation,41.706588,-74.735987,"(41.706588, -74.735987)",1052,2180,32,,283
000977,Cayuga Medical Center at Ithaca,HOSP,Hospital,01/01/1901,101 Dates Drive,,Ithaca,New York,14850,6072744011,,,54,Tompkins,3,Central New York Regional Office,,,5401001H,"Cayuga Medical Center at Ithaca, Inc",1285 Trumansburg Road,,Ithaca,New York,14850,"Cayuga Health System, Inc.",101 Dates Drive,,Ithaca,New York,14850,Not for Profit Corporation,42.469826,-76.536896,"(42.469826, -76.536896)",1786,2181,58,,496
000989,HealthAlliance Hospital Mary's Avenue Campus,HOSP,Hospital,01/01/1901,105 Marys Avenue,,Kingston,New York,12401,8453382500,,,55,Ulster,6,Metropolitan Area Regional Office - New Rochelle,,,5501000H,HealthAlliance Hospital Mary's Avenue Campus,105 Mary's Avenue,,Kingston,New York,12401,Westchester County Health Care Corporation,"100 Woods Road, Taylor Pavilion 2nd Floor",,Valhalla,New York,10595,Not for Profit Corporation,41.922276,-73.999237,"(41.922276, -73.999237)",79,2182,36,25,244
000990,HealthAlliance Hospital Broadway Campus,HOSP,Hospital,01/01/1901,396 Broadway,,Kingston,New York,12401,8453342750,8453313238,,55,Ulster,6,Metropolitan Area Regional Office - New Rochelle,HealthAlliance Hospital Mary's Avenue Campus,989,5501000H,HealthAlliance Hospital Mary's Avenue Campus,105 Mary's Avenue,,Kingston,New York,12401,Westchester County Health Care Corporation,"100 Woods Road, Taylor Pavilion 2nd Floor",,Valhalla,New York,10595,Not for Profit Corporation,41.92643,-73.995453,"(41.92643, -73.995453)",79,2182,36,25,244
001005,Glens Falls Hospital,HOSP,Hospital,01/01/1901,100 Park Street,,Glens Falls,New York,12801,5189261000,,,56,Warren,4,Capital District Regional Office,,,5601000H,Glens Falls Hospital Inc,100 Park Street,,Glens Falls,New York,12801,Albany Med Health System,New Scotland Avenue,,Albany,New York,12208,Not for Profit Corporation,43.30735,-73.645996,"(43.30735, -73.645996)",783,2183,35,,536
001028,Newark-Wayne Community Hospital,HOSP,Hospital,01/01/1901,"1200 Driving Park Avenue, Box 111",,Newark,New York,14513,3153322022,,,58,Wayne,2,Western Regional Office - Rochester,,,5820000H,Newark-Wayne Community Hospital,Driving Park Avenue    Box 111,,Newark,New York,14513,Rochester Regional Health,89 Genesee Street,,Rochester,New York,14611,Not for Profit Corporation,43.059728,-77.102244,"(43.059728, -77.102244)",324,631,54,,773
001039,NewYork-Presbyterian/Hudson Valley Hospital,HOSP,Hospital,01/01/1901,1980 Crompond Road,,Cortlandt Manor,New York,10567,9147379000,,,59,Westchester,6,Metropolitan Area Regional Office - New Rochelle,,,5901000H,Hudson Valley Hospital Center,1980 Crompond Road,,Peekskill,New York,10566,"NYP Community Programs, Inc.",525 East 68th Street Box 88,,New York,New York,10065,Not for Profit Corporation,41.291512,-73.893341,"(41.291512, -73.893341)",1335,2185,29,,265
001045,White Plains Hospital Center,HOSP,Hospital,01/01/1901,41 East Post Road,,White Plains,New York,10601,9146810600,,,59,Westchester,6,Metropolitan Area Regional Office - New Rochelle,,,5902001H,White Plains Hospital Medical Center,Davis Avenue At East Post Road,,White Plains,New York,10601,"Montefiore Health System, Inc",111 East 210th Street,,Bronx,New York,10467,Not for Profit Corporation,41.026333,-73.769585,"(41.026333, -73.769585)",1435,2185,53,,234
001046,Winifred Masterson Burke Rehabilitation Hospital,HOSP,Hospital,01/01/1901,785 Mamaroneck Avenue,,White Plains,New York,10605,9149480050,,,59,Westchester,6,Metropolitan Area Regional Office - New Rochelle,,,5902002H,The Winifred Masterson Burke Rehabilitation Foundation Inc,785 Mamaroneck Avenue,,White Plans,New York,10605,"Montefiore Health System, Inc",111 East 210th Street,,Bronx,New York,10467,Not for Profit Corporation,41.015186,-73.75573,"(41.015186, -73.75573)",1438,2185,26,,234
001047,New York-Presbyterian Westchester Behavioral Health Center,HOSP,Hospital,08/01/1979,21 Bloomingdale Road,,White Plains,New York,10605,9146829100,,,59,Westchester,6,Metropolitan Area Regional Office - New Rochelle,New York-Presbyterian Hospital - New York Weill Cornell Center,1458,7002054H,The New York and Presbyterian Hospital,622 West 168th Street,,New York,New York,10032,,,,,New York,,Not for Profit Corporation,41.029835,-73.758293,"(41.029835, -73.758293)",1438,2185,26,,234
001061,Montefiore Mount Vernon Hospital,HOSP,Hospital,01/01/1901,12 North 7th Avenue,,Mount Vernon,New York,10550,9143616100,9146642113,,59,Westchester,6,Metropolitan Area Regional Office - New Rochelle,,,5903001H,"Montefiore Mount Vernon Hospital, Inc.",12 North 7th Avenue,,Mount Vernon,New York,10550,"Montefiore Health System, Inc",111 East 210th Street,,Bronx,New York,10467,Not for Profit Corporation,40.912476,-73.840004,"(40.912476, -73.840004)",1329,2185,25,,188
001072,Montefiore New Rochelle Hospital,HOSP,Hospital,01/01/1901,16 Guion Place,,New Rochelle,New York,10802,9143653700,9143671516,,59,Westchester,6,Metropolitan Area Regional Office - New Rochelle,,,5904001H,"Montefiore New Rochelle Hospital, Inc.",16 Guion Place,,New Rochelle,New York,10802,"Montefiore Health System, Inc",111 East 210th Street,,Bronx,New York,10467,Not for Profit Corporation,40.913021,-73.787086,"(40.913021, -73.787086)",1450,2185,53,,212
001097,SJRH - St Johns Division,HOSP,Hospital,01/01/1901,967 North Broadway,,Yonkers,New York,10701,9149644200,,,59,Westchester,6,Metropolitan Area Regional Office - New Rochelle,,,5907001H,St Johns Riverside Hospital Inc,967 North Broadway,,Yonkers,New York,10701,"Riverside Health Care System, Inc.",967 North Broadway,,Yonkers,New York,10701,Not for Profit Corporation,40.968262,-73.885033,"(40.968262, -73.885033)",1441,2185,53,,211
001098,St. Joseph's Medical Center,HOSP,Hospital,01/01/1901,127 South Broadway,,Yonkers,New York,10701,9143787000,,,59,Westchester,6,Metropolitan Area Regional Office - New Rochelle,,,5907002H,"St. Josephs Hospital, Yonkers",127 S Broadway,,Yonkers,New York,10701,,,,,New York,,Not for Profit Corporation,40.929512,-73.896957,"(40.929512, -73.896957)",1441,2185,53,,211
001099,SJRH - Park Care Pavilion,HOSP,Hospital,08/01/1979,Two Park Avenue,,Yonkers,New York,10703,9149647300,,,59,Westchester,6,Metropolitan Area Regional Office - New Rochelle,SJRH - St Johns Division,1097,5907001H,St Johns Riverside Hospital Inc,967 North Broadway,,Yonkers,New York,10701,"Riverside Health Care System, Inc.",967 North Broadway,,Yonkers,New York,10701,Not for Profit Corporation,40.939613,-73.892181,"(40.939613, -73.892181)",1442,2185,53,,211
001117,Northern Westchester Hospital,HOSP,Hospital,01/01/1901,400 East Main Street,,Mount Kisco,New York,10549,9146661303,,,59,Westchester,6,Metropolitan Area Regional Office - New Rochelle,,,5920000H,Northern Westchester Hosp Assoc Inc,400 East Main St,,Mt Kisco,New York,10549,"Northwell Healthcare, Inc.",2000 Marcus Ave.,,New Hyde Park,New York,11042,Not for Profit Corporation,41.196774,-73.72451,"(41.196774, -73.72451)",1328,2185,29,,243
001122,New York-Presbyterian Lawrence Hospital,HOSP,Hospital,01/01/1901,55 Palmer Avenue,,Bronxville,New York,10708,9147871000,,,59,Westchester,6,Metropolitan Area Regional Office - New Rochelle,New York-Presbyterian Hospital - New York Weill Cornell Center,1458,7002054H,The New York and Presbyterian Hospital,622 West 168th Street,,New York,New York,10032,,,,,New York,,Not for Profit Corporation,40.941673,-73.836334,"(40.941673, -73.836334)",1447,2185,26,,182
001124,SJRH - Dobbs Ferry Pavillion,HOSP,Hospital,01/01/1901,128 Ashford Avenue,,Dobbs Ferry,New York,10522,9146930700,,,59,Westchester,6,Metropolitan Area Regional Office - New Rochelle,SJRH - St Johns Division,1097,5907001H,St Johns Riverside Hospital Inc,967 North Broadway,,Yonkers,New York,10701,"Riverside Health Care System, Inc.",967 North Broadway,,Yonkers,New York,10701,Not for Profit Corporation,41.014721,-73.862259,"(41.014721, -73.862259)",1244,2185,53,70,217
001129,Phelps Hospital,HOSP,Hospital,01/01/1901,701 North Broadway,,Sleepy Hollow,New York,10591,9143663000,,,59,Westchester,6,Metropolitan Area Regional Office - New Rochelle,,,5932000H,Phelps Memorial Hospital Association,701 N Broadway,,North Tarrytown,New York,10591,"Northwell Healthcare, Inc.",2000 Marcus Ave.,,New Hyde Park,New York,11042,Not for Profit Corporation,41.107639,-73.859665,"(41.107639, -73.859665)",1347,2185,29,,38
001133,St. Joseph's MC-St. Vincent's Westchester Division,HOSP,Hospital,08/01/1979,275 North Street,,Harrison,New York,10528,9149255300,9149255156,,59,Westchester,6,Metropolitan Area Regional Office - New Rochelle,St. Joseph's Medical Center,1098,5907002H,"St. Josephs Hospital, Yonkers",127 S Broadway,,Yonkers,New York,10701,,,,,New York,,Not for Profit Corporation,40.989265,-73.710457,"(40.989265, -73.710457)",1342,2185,26,,17
001138,Blythedale Children's Hospital,HOSP,Hospital,01/01/1901,95 Bradhurst Avenue,,Valhalla,New York,10595,9145927555,,https://www.blythedale.org,59,Westchester,6,Metropolitan Area Regional Office - New Rochelle,,,5957000H,Blythedale Childrens Hospital Inc,Bradhurst Avenue,,Valhalla,New York,10595,,,,,New York,,Not for Profit Corporation,41.076408,-73.798767,"(41.076408, -73.798767)",1349,2185,29,,29
001139,Westchester Medical Center,HOSP,Hospital,01/01/1901,100 Woods Road,,Valhalla,New York,10595,9144937018,9144938027,,59,Westchester,6,Metropolitan Area Regional Office - New Rochelle,,,5957001H,Westchester County Health Care Corporation,"100 Woods Road, Taylor Pavilion 2nd Floor",,Valhalla,New York,10595,,,,,New York,,Public Benefit Corporation,41.08773,-73.803993,"(41.08773, -73.803993)",1349,2185,29,,123
001153,Wyoming County Community Hospital,HOSP,Hospital,01/01/1901,400 North Main Street,,Warsaw,New York,14569,5857868940,,,60,Wyoming,1,Western Regional Office - Buffalo,,,6027000H,Wyoming County,Wyoming County Courthouse,,Warsaw,New York,14569,,,,,New York,,County,42.753513,-78.132454,"(42.753513, -78.132454)",415,2186,59,,622
001164,BronxCare Hospital Center,HOSP,Hospital,01/01/1901,1276 Fulton Avenue,,Bronx,New York,10456,7189018800,,,7094,Bronx,5,Metropolitan Area Regional Office - New York City,,,7000001H,BronxCare Health System,1276 Fulton Avenue,,Bronx,New York,10456,,,,,New York,,Not for Profit Corporation,40.831772,-73.903656,"(40.831772, -73.903656)",652,2032,21,37,142
001165,Jacobi Medical Center,HOSP,Hospital,01/01/1901,1400 Pelham Parkway,,Bronx,New York,10461,7189185000,,,7094,Bronx,5,Metropolitan Area Regional Office - New York City,,,7000002H,New York City Health and Hospital Corporation,125 Worth Street,,New York,New York,10013,,,,,New York,,Municipality,40.857388,-73.846741,"(40.857388, -73.846741)",674,2032,52,37,176
001168,Montefiore Medical Center-Wakefield Hospital,HOSP,Hospital,04/28/1980,600 East 233rd Street,,Bronx,New York,10466,7189209000,,,7094,Bronx,5,Metropolitan Area Regional Office - New York City,Montefiore Medical Center - Henry & Lucy Moses Div,1169,7000006H,Montefiore Medical Center,111 East 210th Street,,Bronx,New York,10467,"Montefiore Health System, Inc",111 East 210th Street,,Bronx,New York,10467,Not for Profit Corporation,40.894569,-73.86142,"(40.894569, -73.86142)",704,2032,52,37,176
001169,Montefiore Medical Center - Henry & Lucy Moses Div,HOSP,Hospital,01/01/1901,111 East 210th Street,,Bronx,New York,10467,7189202001,,,7094,Bronx,5,Metropolitan Area Regional Office - New York City,,,7000006H,Montefiore Medical Center,111 East 210th Street,,Bronx,New York,10467,"Montefiore Health System, Inc",111 East 210th Street,,Bronx,New York,10467,Not for Profit Corporation,40.879951,-73.880562,"(40.879951, -73.880562)",704,2032,25,37,177
001172,Lincoln Medical & Mental Health Center,HOSP,Hospital,01/01/1901,234 East 149th Street,,Bronx,New York,10451,7185795700,,,7094,Bronx,5,Metropolitan Area Regional Office - New York City,,,7000008H,New York City Health and Hospital Corporation,125 Worth Street,,New York,New York,10013,,,,,New York,,Municipality,40.817661,-73.92421,"(40.817661, -73.92421)",647,2032,14,37,131
001175,Calvary Hospital Inc,HOSP,Hospital,01/01/1901,1740-70 Eastchester Road,,Bronx,New York,10461,7185182244,,,7094,Bronx,5,Metropolitan Area Regional Office - New York City,,,7000011H,Calvary Hospital Inc.,1740-70 Eastchester Road,,Bronx,New York,10461,,,,,New York,,Not for Profit Corporation,40.847294,-73.844658,"(40.847294, -73.844658)",674,2032,52,37,176
001176,SBH Health System,HOSP,Hospital,01/01/1901,4422 Third Avenue,,Bronx,New York,10457,7189606100,,,7094,Bronx,5,Metropolitan Area Regional Office - New York City,,,7000014H,St Barnabas Hospital Inc,4422 Third Avenue,,Bronx,New York,10457,,,,,New York,,Not for Profit Corporation,40.853909,-73.891014,"(40.853909, -73.891014)",653,2032,51,37,177
001178,BronxCare Hospital Center,HOSP,Hospital,01/01/1901,1650 Grand Concourse,,Bronx,New York,10457,7189018800,,,7094,Bronx,5,Metropolitan Area Regional Office - New York City,BronxCare Hospital Center,1164,7000001H,BronxCare Health System,1276 Fulton Avenue,,Bronx,New York,10456,,,,,New York,,Not for Profit Corporation,40.843609,-73.911545,"(40.843609, -73.911545)",653,2032,51,37,142
001185,Montefiore Medical Center - Montefiore Westchester Square,HOSP,Hospital,08/01/1979,2475 St. Raymond Avenue,,Bronx,New York,10461,7184307359,,,7094,Bronx,5,Metropolitan Area Regional Office - New York City,Montefiore Medical Center - Henry & Lucy Moses Div,1169,7000006H,Montefiore Medical Center,111 East 210th Street,,Bronx,New York,10467,"Montefiore Health System, Inc",111 East 210th Street,,Bronx,New York,10467,Not for Profit Corporation,40.840431,-73.848244,"(40.840431, -73.848244)",674,2032,21,37,176
001186,North Central Bronx Hospital,HOSP,Hospital,01/01/1901,3424 Kossuth Avenue & 210th Street,,Bronx,New York,10467,7185193500,,,7094,Bronx,5,Metropolitan Area Regional Office - New York City,Jacobi Medical Center,1165,7000002H,New York City Health and Hospital Corporation,125 Worth Street,,New York,New York,10013,,,,,New York,,Municipality,40.880512,-73.881538,"(40.880512, -73.881538)",704,2032,25,37,177
001286,Brookdale Hospital Medical Center,HOSP,Hospital,01/01/1901,1 Brookdale Plaza,,Brooklyn,New York,11212-3139,7182405276,,,7095,Kings,5,Metropolitan Area Regional Office - New York City,,,7001002H,The Brookdale Hospital Medical Center,One Brookdale Plaza,,Brooklyn,New York,11212,"One Brooklyn Health System, Inc.",1 Brookdale Plaza,Care of Alex Rovt Chairman of the Board,Brooklyn,New York,11212,Not for Profit Corporation,40.655066,-73.912579,"(40.655066, -73.912579)",890,2090,37,37,16
001288,Brooklyn Hospital Center - Downtown Campus,HOSP,Hospital,01/01/1901,121 Dekalb Avenue,,Brooklyn,New York,11201,7182508000,,,7095,Kings,5,Metropolitan Area Regional Office - New York City,,,7001003H,The Brooklyn Hospital Center,121 Dekalb Ave,,Brooklyn,New York,11201,,,,,New York,,Not for Profit Corporation,40.689842,-73.977455,"(40.689842, -73.977455)",880,2090,48,37,59
001293,Maimonides Midwood Community Hospital,HOSP,Hospital,01/01/1901,2525 Kings Highway,,Brooklyn,New York,11229,7186925300,,,7095,Kings,5,Metropolitan Area Regional Office - New York City,,,7001008H,"The New York Community Hospital of Brooklyn, Inc.",2525 Kings Highway,,Brooklyn,New York,11229,Maimonides Medical Center,4802 Tenth Ave,,Brooklyn,New York,11219,Not for Profit Corporation,40.613419,-73.948967,"(40.613419, -73.948967)",812,2090,22,37,6
001294,NYC Health + Hospitals/South Brooklyn Health,HOSP,Hospital,01/01/1901,2601 Ocean Parkway,,Brooklyn,New York,11235,7186163000,,,7095,Kings,5,Metropolitan Area Regional Office - New York City,,,7001009H,New York City Health and Hospital Corporation,125 Worth Street,,New York,New York,10013,,,,,New York,,Municipality,40.58662,-73.965797,"(40.58662, -73.965797)",818,2090,39,37,4
001301,Kings County Hospital Center,HOSP,Hospital,01/01/1901,451 Clarkson Avenue,,Brooklyn,New York,11203,7182453901,,,7095,Kings,5,Metropolitan Area Regional Office - New York City,,,7001016H,New York City Health and Hospital Corporation,125 Worth Street,,New York,New York,10013,,,,,New York,,Municipality,40.655823,-73.944099,"(40.655823, -73.944099)",881,2090,31,37,13
001304,NYU Langone Hospital-Brooklyn,HOSP,Hospital,01/01/1901,150 55th Street,,Brooklyn,New York,11220,7186307300,,,7095,Kings,5,Metropolitan Area Regional Office - New York City,NYU Langone Hospitals,1463,7002053H,NYU Langone Hospitals,550 First Avenue,,New York,New York,10016,,,,,New York,,Not for Profit Corporation,40.646591,-74.020439,"(40.646591, -74.020439)",899,2090,39,37,10
001305,Maimonides Medical Center,HOSP,Hospital,01/01/1901,4802 Tenth Avenue,,Brooklyn,New York,11219,7182836000,,,7095,Kings,5,Metropolitan Area Regional Office - New York City,,,7001020H,Maimonides Medical Center,4802 Tenth Ave,,Brooklyn,New York,11219,,,,,New York,,Not for Profit Corporation,40.639423,-73.99839,"(40.639423, -73.99839)",897,2090,22,37,10
001306,NewYork-Presbyterian Brooklyn Methodist Hospital,HOSP,Hospital,01/01/1901,506 Sixth Street,,Brooklyn,New York,11215,7187803101,,,7095,Kings,5,Metropolitan Area Regional Office - New York City,New York-Presbyterian Hospital - New York Weill Cornell Center,1458,7002054H,The New York and Presbyterian Hospital,622 West 168th Street,,New York,New York,10032,,,,,New York,,Not for Profit Corporation,40.668087,-73.978905,"(40.668087, -73.978905)",893,2090,37,37,34
001309,Interfaith Medical Center,HOSP,Hospital,04/24/1980,1545 Atlantic Avenue,,Brooklyn,New York,11213,7189357000,,,7095,Kings,5,Metropolitan Area Regional Office - New York City,Brookdale Hospital Medical Center,1286,7001002H,The Brookdale Hospital Medical Center,One Brookdale Plaza,,Brooklyn,New York,11212,"One Brooklyn Health System, Inc.",1 Brookdale Plaza,Care of Alex Rovt Chairman of the Board,Brooklyn,New York,11212,Not for Profit Corporation,40.67794,-73.937515,"(40.67794, -73.937515)",891,2090,48,37,36
001315,Kingsbrook Jewish Medical Center,HOSP,Hospital,01/01/1901,585 Schenectady Avenue,,Brooklyn,New York,11203,7186045000,,,7095,Kings,5,Metropolitan Area Regional Office - New York City,Brookdale Hospital Medical Center,1286,7001002H,The Brookdale Hospital Medical Center,One Brookdale Plaza,,Brooklyn,New York,11212,"One Brooklyn Health System, Inc.",1 Brookdale Plaza,Care of Alex Rovt Chairman of the Board,Brooklyn,New York,11212,Not for Profit Corporation,40.659435,-73.934036,"(40.659435, -73.934036)",881,2090,31,37,13
001318,Wyckoff Heights Medical Center,HOSP,Hospital,01/01/1901,374 Stockholm Street,,Brooklyn,New York,11237,7189637101,,,7095,Kings,5,Metropolitan Area Regional Office - New York City,,,7001035H,Wyckoff Heights Medical Center,374 Stockholm St,,Brooklyn,New York,11237,,,,,New York,,Not for Profit Corporation,40.704517,-73.91774,"(40.704517, -73.91774)",820,2090,23,37,60
001320,University Hospital of Brooklyn,HOSP,Hospital,01/01/1901,445 Lenox Road,,Brooklyn,New York,11203,7182702401,,,7095,Kings,5,Metropolitan Area Regional Office - New York City,,,7001037H,State of New York,178-50 Linden Blvd,,Jamaica,New York,11434,,,,,New York,,State,40.654518,-73.945045,"(40.654518, -73.945045)",881,2090,31,37,13
001324,Mount Sinai Brooklyn,HOSP,Hospital,08/01/1979,3201 Kings Highway,,Brooklyn,New York,11234,7189513000,,,7095,Kings,5,Metropolitan Area Regional Office - New York City,Mount Sinai Beth Israel,1439,7002002H,Beth Israel Medical Center Inc,10 Nathan Perlman Place,,New York,New York,10003,"Mount Sinai Hospitals Group, Inc.",One Gustave L. Levy Place,,New York,New York,10029,Not for Profit Corporation,40.617954,-73.94323,"(40.617954, -73.94323)",888,2090,24,37,6
001437,New York-Presbyterian/Lower Manhattan Hospital,HOSP,Hospital,01/01/1901,170 William Street,,New York,New York,10038,2123125175,,,7093,New York,5,Metropolitan Area Regional Office - New York City,New York-Presbyterian Hospital - New York Weill Cornell Center,1458,7002054H,The New York and Presbyterian Hospital,622 West 168th Street,,New York,New York,10032,,,,,New York,,Not for Profit Corporation,40.710426,-74.005486,"(40.710426, -74.005486)",797,2095,49,37,108
001438,Bellevue Hospital Center,HOSP,Hospital,01/01/1901,462 First Avenue,,New York,New York,10016,2125624132,,,7093,New York,5,Metropolitan Area Regional Office - New York City,,,7002001H,New York City Health and Hospital Corporation,125 Worth Street,,New York,New York,10013,,,,,New York,,Municipality,40.739605,-73.976509,"(40.739605, -73.976509)",739,2095,50,37,108
001439,Mount Sinai Beth Israel,HOSP,Hospital,01/01/1901,First Ave at 16th Street,,New York,New York,10003,2124202873,,,7093,New York,5,Metropolitan Area Regional Office - New York City,,,7002002H,Beth Israel Medical Center Inc,10 Nathan Perlman Place,,New York,New York,10003,"Mount Sinai Hospitals Group, Inc.",One Gustave L. Levy Place,,New York,New York,10029,Not for Profit Corporation,40.732666,-73.981598,"(40.732666, -73.981598)",719,2095,50,37,108
001445,Harlem Hospital Center,HOSP,Hospital,01/01/1901,506 Lenox Avenue,,New York,New York,10037,2129391000,,,7093,New York,5,Metropolitan Area Regional Office - New York City,,,7002009H,New York City Health and Hospital Corporation,125 Worth Street,,New York,New York,10013,,,,,New York,,Municipality,40.81435,-73.940506,"(40.81435, -73.940506)",796,2095,15,37,135
001446,NYU Langone Orthopedic Hospital,HOSP,Hospital,02/01/1980,301 East 17th Street,,New York,New York,10003,2125986000,,,7093,New York,5,Metropolitan Area Regional Office - New York City,NYU Langone Hospitals,1463,7002053H,NYU Langone Hospitals,550 First Avenue,,New York,New York,10016,,,,,New York,,Not for Profit Corporation,40.734127,-73.98307,"(40.734127, -73.98307)",719,2095,50,37,108
001447,Hospital for Special Surgery,HOSP,Hospital,01/01/1901,535 E 70th Street,,New York,New York,10021,2126061236,,,7093,New York,5,Metropolitan Area Regional Office - New York City,,,7002012H,NY Society for the Relief of The Ruptured & Crippled,535 East 70th St,,New York,New York,10021,,,,,New York,,Not for Profit Corporation,40.765381,-73.954185,"(40.765381, -73.954185)",744,2095,13,37,108
001450,Lenox Hill Hospital,HOSP,Hospital,01/01/1901,100 East 77th Street,,New York,New York,10021,2124342060,,,7093,New York,5,Metropolitan Area Regional Office - New York City,,,7002017H,Lenox Hill Hospital,100 East 77 Street,,New York,New York,10021,"Northwell Healthcare, Inc.",2000 Marcus Ave.,,New Hyde Park,New York,11042,Not for Profit Corporation,40.773907,-73.960632,"(40.773907, -73.960632)",744,2095,13,37,108
001453,Memorial Hospital for Cancer and Allied Diseases,HOSP,Hospital,01/01/1901,1275 York Avenue,,New York,New York,10065,2126392000,,,7093,New York,5,Metropolitan Area Regional Office - New York City,,,7002020H,Memorial Hospital for Cancer and Allied Diseases Inc,1275 York Avenue,,New York,New York,10021,,,,,New York,,Not for Profit Corporation,40.764386,-73.956812,"(40.764386, -73.956812)",,2095,13,37,108
001454,Metropolitan Hospital Center,HOSP,Hospital,01/01/1901,1901 First Avenue,,New York,New York,10029,2124238993,2124238535,,7093,New York,5,Metropolitan Area Regional Office - New York City,,,7002021H,New York City Health and Hospital Corporation,125 Worth Street,,New York,New York,10013,,,,,New York,,Municipality,40.784775,-73.94368,"(40.784775, -73.94368)",756,2095,14,37,119
001456,Mount Sinai Hospital,HOSP,Hospital,01/01/1901,One Gustave L Levy Place,,New York,New York,10029,2122417005,,,7093,New York,5,Metropolitan Area Regional Office - New York City,,,7002024H,The Mount Sinai Hospital,One Gustave L Levy Place,,New York,New York,10029,"Mount Sinai Hospitals Group, Inc.",One Gustave L. Levy Place,,New York,New York,10029,Not for Profit Corporation,40.790482,-73.953766,"(40.790482, -73.953766)",756,2095,15,37,119
001458,New York-Presbyterian Hospital - New York Weill Cornell Center,HOSP,Hospital,02/01/1978,525 East 68th Street,,New York,New York,10021,2127465454,,,7093,New York,5,Metropolitan Area Regional Office - New York City,,,7002054H,The New York and Presbyterian Hospital,622 West 168th Street,,New York,New York,10032,,,,,New York,,Not for Profit Corporation,40.76408,-73.954926,"(40.76408, -73.954926)",,2095,13,37,108
001460,New York Eye and Ear Infirmary of Mount Sinai,HOSP,Hospital,01/01/1901,310 East 14th Street,,New York,New York,10003,2129794300,,,7093,New York,5,Metropolitan Area Regional Office - New York City,,,7002026H,NY Eye and Ear Infirmary Inc,310 East 14 St,,New York,New York,10003,"Mount Sinai Hospitals Group, Inc.",One Gustave L. Levy Place,,New York,New York,10029,Not for Profit Corporation,40.732189,-73.984711,"(40.732189, -73.984711)",719,2095,50,37,108
001463,NYU Langone Hospitals,HOSP,Hospital,06/17/1980,550 First Avenue,,New York,New York,10016,2122635500,,,7093,New York,5,Metropolitan Area Regional Office - New York City,,,7002053H,NYU Langone Hospitals,550 First Avenue,,New York,New York,10016,,,,,New York,,Not for Profit Corporation,40.742874,-73.974159,"(40.742874, -73.974159)",739,2095,50,37,108
001464,New York-Presbyterian Hospital - Columbia Presbyterian Center,HOSP,Hospital,02/01/1980,622 West 168th Street,,New York,New York,10032,2123052500,,,7093,New York,5,Metropolitan Area Regional Office - New York City,New York-Presbyterian Hospital - New York Weill Cornell Center,1458,7002054H,The New York and Presbyterian Hospital,622 West 168th Street,,New York,New York,10032,,,,,New York,,Not for Profit Corporation,40.841415,-73.940704,"(40.841415, -73.940704)",791,2095,20,37,163
001465,Rockefeller University Hospital,HOSP,Hospital,01/01/1901,1230 York Avenue,,New York,New York,10021,2123277511,,,7093,New York,5,Metropolitan Area Regional Office - New York City,,,7002031H,The Rockefeller University Inc,1230 York Avenue,,New York,New York,10021,,,,,New York,,Not for Profit Corporation,40.762962,-73.956512,"(40.762962, -73.956512)",,2095,13,37,108
001466,Mount Sinai West,HOSP,Hospital,01/01/1901,1000 10th Avenue,,New York,New York,10019,2125237225,,,7093,New York,5,Metropolitan Area Regional Office - New York City,,,7002032H,St Lukes Roosevelt Hospital Center Inc,Amsterdam Avenue At 114th Street,,New York,New York,10025,"Mount Sinai Hospitals Group, Inc.",One Gustave L. Levy Place,,New York,New York,10029,Not for Profit Corporation,40.770092,-73.987785,"(40.770092, -73.987785)",742,2095,50,37,108
001469,Mount Sinai Morningside,HOSP,Hospital,01/01/1901,1111 Amsterdam Avenue,,New York,New York,10025,2125234295,,,7093,New York,5,Metropolitan Area Regional Office - New York City,Mount Sinai West,1466,7002032H,St Lukes Roosevelt Hospital Center Inc,Amsterdam Avenue At 114th Street,,New York,New York,10025,"Mount Sinai Hospitals Group, Inc.",One Gustave L. Levy Place,,New York,New York,10029,Not for Profit Corporation,40.805912,-73.961639,"(40.805912, -73.961639)",754,2095,15,37,122
001473,RUMC-Bayley Seton,HOSP,Hospital,11/20/1981,75 Vanderbilt Avenue,,Staten Island,New York,10304,7183906000,,,7097,Richmond,5,Metropolitan Area Regional Office - New York City,Richmond University Medical Center,1738,7004010H,Richmond University Medical Center,355 Bard Avenue,,Staten Island,New York,10310,Bridge Regional Health System,355 Bard Avenue,,Staten Island,New York,10310,Not for Profit Corporation,40.621376,-74.07476,"(40.621376, -74.07476)",607,2139,39,37,7
001486,Henry J. Carter Specialty Hospital,HOSP,Hospital,01/01/1901,1752 Park Avenue,,New York,New York,10035,2123188000,,,7093,New York,5,Metropolitan Area Regional Office - New York City,,,7002050H,New York City Health and Hospital Corporation,125 Worth Street,,New York,New York,10013,,,,,New York,,Municipality,40.802979,-73.940811,"(40.802979, -73.940811)",794,2095,15,37,135
001626,Elmhurst Hospital Center,HOSP,Hospital,01/01/1901,79-01 Broadway,,Elmhurst,New York,11373,7183344000,,,7096,Queens,5,Metropolitan Area Regional Office - New York City,,,7003000H,New York City Health and Hospital Corporation,125 Worth Street,,New York,New York,10013,,,,,New York,,Municipality,40.74432,-73.885719,"(40.74432, -73.885719)",843,2137,19,37,98
001628,Flushing Hospital Medical Center,HOSP,Hospital,01/01/1901,45th Avenue & Parsons Blvd,,Flushing,New York,11355,7186705918,,,7096,Queens,5,Metropolitan Area Regional Office - New York City,,,7003001H,Flushing Hospital and Medical Center Inc,45th Avenue And Parsons Boulevard,,Flushing,New York,11355,,,,,New York,,Not for Profit Corporation,40.755531,-73.815475,"(40.755531, -73.815475)",825,2137,19,37,121
001629,Jamaica Hospital Medical Center,HOSP,Hospital,01/01/1901,89th Avenue & Van Wyck Expressway,,Jamaica,New York,11418,7182066000,,,7096,Queens,5,Metropolitan Area Regional Office - New York City,,,7003003H,Jamaica Hospital Inc,89th Ave & Van Wyck Expressway,,Jamaica,New York,11418,,,,,New York,,Not for Profit Corporation,40.701412,-73.816299,"(40.701412, -73.816299)",1165,2137,17,37,85
001630,Long Island Jewish Medical Center,HOSP,Hospital,01/01/1901,270-05 76th Avenue,,New Hyde Park,New York,11040,7184707764,,,7096,Queens,5,Metropolitan Area Regional Office - New York City,,,7003004H,Long Island Jewish Medical Center,270-05 76 Avenue,,New Hyde Park,New York,11040,"Northwell Healthcare, Inc.",2000 Marcus Ave.,,New Hyde Park,New York,11042,Not for Profit Corporation,,,,,,,,
001633,Queens Hospital Center,HOSP,Hospital,01/01/1901,82-68 164th Street,,Jamaica,New York,11432,7188832350,,,7096,Queens,5,Metropolitan Area Regional Office - New York City,,,7003007H,New York City Health and Hospital Corporation,125 Worth Street,,New York,New York,10013,,,,,New York,,Municipality,40.71722,-73.803581,"(40.71722, -73.803581)",1216,2137,11,37,85
001635,St Johns Episcopal Hospital So Shore,HOSP,Hospital,09/27/1979,327 Beach 19th Street,,Far Rockaway,New York,11691,7188687320,,,7096,Queens,5,Metropolitan Area Regional Office - New York City,,,7001024H,Episcopal Health Services Inc,393 Front St,,Hempstead,New York,11550,,,,,New York,,Not for Profit Corporation,40.598637,-73.752769,"(40.598637, -73.752769)",1027,2137,10,37,57
001637,NewYork-Presbyterian/Queens,HOSP,Hospital,01/01/1901,56-45 Main Street,,Flushing,New York,11355,7186701021,,,7096,Queens,5,Metropolitan Area Regional Office - New York City,,,7003010H,NewYork-Presbyterian/Queens,56-36 Main Street,,Flushing,New York,11355,"NYP Community Programs, Inc.",525 East 68th Street Box 88,,New York,New York,10065,Not for Profit Corporation,40.747517,-73.826035,"(40.747517, -73.826035)",825,2137,19,37,121
001638,Long Island Jewish Forest Hills,HOSP,Hospital,01/01/1901,102-01 66th Road,,Forest Hills,New York,11375,5165624060,,,7096,Queens,5,Metropolitan Area Regional Office - New York City,Long Island Jewish Medical Center,1630,7003004H,Long Island Jewish Medical Center,270-05 76 Avenue,,New Hyde Park,New York,11040,"Northwell Healthcare, Inc.",2000 Marcus Ave.,,New Hyde Park,New York,11042,Not for Profit Corporation,40.728745,-73.851036,"(40.728745, -73.851036)",845,2137,19,37,85
001639,Mount Sinai Hospital - Mount Sinai Hospital of Queens,HOSP,Hospital,08/01/1979,25-10 30th Avenue,,Long Island City,New York,11102,7189321000,,,7096,Queens,5,Metropolitan Area Regional Office - New York City,Mount Sinai Hospital,1456,7002024H,The Mount Sinai Hospital,One Gustave L Levy Place,,New York,New York,10029,"Mount Sinai Hospitals Group, Inc.",One Gustave L. Levy Place,,New York,New York,10029,Not for Profit Corporation,40.768269,-73.924461,"(40.768269, -73.924461)",874,2137,12,37,118
001692,Woodhull Medical & Mental Health Center,HOSP,Hospital,05/24/1982,760 Broadway,,Brooklyn,New York,11206,7189638101,,,7095,Kings,5,Metropolitan Area Regional Office - New York City,,,7001045H,New York City Health and Hospital Corporation,125 Worth Street,,New York,New York,10013,,,,,New York,,Municipality,40.700535,-73.941711,"(40.700535, -73.941711)",884,2090,23,37,80
001723,Mercy Hospital - Mercy Hospital Orchard Park Division,HOSP,Hospital,02/02/2007,3669 Southwestern Blvd,,Orchard Park,New York,14127,7166620500,,,14,Erie,1,Western Regional Office - Buffalo,Mercy Hospital of Buffalo,213,1401008H,Mercy Hospital of Buffalo Inc,565 Abbott Road,,Buffalo,New York,14220,"Catholic Health System, Inc.",144 Genesee Street,,Buffalo,New York,14203,Not for Profit Corporation,42.781742,-78.77224,"(42.781742, -78.77224)",956,2041,60,,644
001737,Staten Island University Hospital Prince's Bay,HOSP,Hospital,08/01/1979,375 Seguine Avenue,,Staten Island,New York,10309,7182269515,,,7097,Richmond,5,Metropolitan Area Regional Office - New York City,Staten Island University Hosp-North,1740,7004003H,Staten Island University Hospital,256 Mason Avenue,,Staten Island,New York,10305,"Northwell Healthcare, Inc.",2000 Marcus Ave.,,New Hyde Park,New York,11042,Not for Profit Corporation,40.516773,-74.196808,"(40.516773, -74.196808)",612,2139,47,37,7
001738,Richmond University Medical Center,HOSP,Hospital,08/01/1979,355 Bard Avenue,,Staten Island,New York,10310,7188182413,,,7097,Richmond,5,Metropolitan Area Regional Office - New York City,,,7004010H,Bridge Regional Health System,355 Bard Avenue,,Staten Island,New York,10310,Richmond University Medical Center,355 Bard Avenue,,Staten Island,New York,10310,Not for Profit Corporation,40.635807,-74.106674,"(40.635807, -74.106674)",613,2139,47,37,7
001740,Staten Island University Hosp-North,HOSP,Hospital,01/01/1901,475 Seaview Avenue,,Staten Island,New York,10305,7182269515,,,7097,Richmond,5,Metropolitan Area Regional Office - New York City,,,7004003H,Staten Island University Hospital,256 Mason Avenue,,Staten Island,New York,10305,"Northwell Healthcare, Inc.",2000 Marcus Ave.,,New Hyde Park,New York,11042,Not for Profit Corporation,40.584141,-74.086998,"(40.584141, -74.086998)",608,2139,47,37,7
003058,Montefiore Med Center - Jack D Weiler Hosp of A Einstein College Div,HOSP,Hospital,01/01/1901,1825 Eastchester Road,,Bronx,New York,10461,7189042001,,,7094,Bronx,5,Metropolitan Area Regional Office - New York City,Montefiore Medical Center - Henry & Lucy Moses Div,1169,7000006H,Montefiore Medical Center,111 East 210th Street,,Bronx,New York,10467,"Montefiore Health System, Inc",111 East 210th Street,,Bronx,New York,10467,Not for Profit Corporation,40.849575,-73.845055,"(40.849575, -73.845055)",674,2032,52,37,176
003067,Millard Fillmore Suburban Hospital,HOSP,Hospital,10/15/1979,1540 Maple Road,,Amherst,New York,14221,7165683600,,,14,Erie,1,Western Regional Office - Buffalo,Buffalo General Medical Center,207,1401014H,Kaleida Health,100 High Street,,Buffalo,New York,14203,,,,,New York,,Not for Profit Corporation,42.991219,-78.72982,"(42.991219, -78.72982)",110,2041,61,,787
003975,New York-Presbyterian Hospital - Allen Hospital,HOSP,Hospital,07/18/1988,5141 Broadway,,New York,New York,10034,2129324000,,,7093,New York,5,Metropolitan Area Regional Office - New York City,New York-Presbyterian Hospital - New York Weill Cornell Center,1458,7002054H,The New York and Presbyterian Hospital,622 West 168th Street,,New York,New York,10032,,,,,New York,,Not for Profit Corporation,40.872475,-73.912773,"(40.872475, -73.912773)",793,2095,20,37,163
007528,"Mohawk Valley Heart Institute, Inc",HOSP,Hospital,10/16/1997,2209 Genesee Street,,Utica,New York,13501,3158230808,,,32,Oneida,3,Central New York Regional Office,,,3202004H,"Mohawk Valley Heart Institute, Inc",2209 Genesee Street,,Utica,New York,13501,,,,,New York,,Not for Profit Corporation,43.083561,-75.267189,"(43.083561, -75.267189)",1464,625,40,,774
008554,A.O. Fox Memorial Hospital - Tri-Town Campus,HOSP,Hospital,01/11/2008,43 Pearl Street West,,Sidney,New York,13838,6075612021,,https://www.bassett.org/locations/ao-fox-hospital-tri-town-campus,12,Delaware,4,Capital District Regional Office,A.O. Fox Memorial Hospital,739,3801000H,Aurelia Osborn Fox Memorial Hospital Society Inc,One Norton Avenue,,Oneonta,New York,13820,Bassett Healthcare Network,1 Atwell Road,,Cooperstown,New York,13326,Not for Profit Corporation,42.30471,-75.39492,"(42.30471, -75.39492)",456,2039,44,,401
009059,Crouse Hospital - Commonwealth Division,HOSP,Hospital,06/01/2009,6010 East Malloy Road,,Syracuse,New York,13211,3154342470,3154378366,,33,Onondaga,3,Central New York Regional Office,Crouse Hospital,636,3301008H,Crouse Health Hospital Inc,736 Irving Avenue,,Syracuse,New York,13210,"Crouse Health System, Inc.",736 Irving Avenue,,Syracuse,New York,13210,Not for Profit Corporation,43.099155,-76.098633,"(43.099155, -76.098633)",729,2132,43,,790
009431,St. Peter's Addiction Recovery Center,HOSP,Hospital,12/28/2012,3 Mercycare Lane,,Guilderland,New York,12084,5184526701,,,1,Albany,4,Capital District Regional Office,St. Peter's Hospital,5,0101004H,St Peters Hospital Inc,315 South Manning Blvd,,Albany,New York,12208,Trinity Health Corporation,20555 Victor Parkway,,Livonia,New York,48152,Not for Profit Corporation,42.701252,-73.904968,"(42.701252, -73.904968)",1229,2030,36,,566
009531,URMC Strong West,HOSP,Hospital,07/15/2013,156 West Avenue,,Brockport,New York,14420,5857851000,5853956036,,27,Monroe,2,Western Regional Office - Rochester,Strong Memorial Hospital,413,2701005H,University of Rochester Inc,601 Elmwood Avenue,,Rochester,New York,14620,,,,,New York,,Not for Profit Corporation,43.220116,-77.944695,"(43.220116, -77.944695)",175,2093,56,,867
009691,South Nassau Communities Hospital Off-Campus Emergency Department,HOSP,Hospital,06/30/2014,325 East Bay Drive,,Long Beach,New York,11561,5168701010,,,29,Nassau,7,Metropolitan Area Regional Office - Long Island,Mount Sinai South Nassau,527,2950001H,South Nassau Communities Hospital Inc,2445 Oceanside Road,,Oceanside,New York,11572,"Mount Sinai Hospitals Group, Inc.",One Gustave L. Levy Place,,New York,New York,10029,Not for Profit Corporation,40.594237,-73.654958,"(40.594237, -73.654958)",1565,2094,9,,2
009700,Lenox Health Greenwich Village,HOSP,Hospital,07/17/2014,30 Seventh Avenue,,New York,New York,10011,5164658018,,,7093,New York,5,Metropolitan Area Regional Office - New York City,Lenox Hill Hospital,1450,7002017H,Lenox Hill Hospital,100 East 77 Street,,New York,New York,10021,"Northwell Healthcare, Inc.",2000 Marcus Ave.,,New Hyde Park,New York,11042,Not for Profit Corporation,40.737576,-74.000488,"(40.737576, -74.000488)",735,2095,50,37,108
009753,NYU Langone Health-Cobble Hill,HOSP,Hospital,10/31/2014,83 Amity Street,,Brooklyn,New York,11201,,,,7095,Kings,5,Metropolitan Area Regional Office - New York City,NYU Langone Hospitals,1463,7002053H,NYU Langone Hospitals,550 First Avenue,,New York,New York,10016,,,,,New York,,Not for Profit Corporation,40.689615,-73.997478,"(40.689615, -73.997478)",880,2090,49,37,34
010139,New York-Presbyterian David H. Koch Center,HOSP,Hospital,04/09/2018,1283 York Avenue,,New York,New York,10065,,,,7093,New York,5,Metropolitan Area Regional Office - New York City,New York-Presbyterian Hospital - New York Weill Cornell Center,1458,7002054H,The New York and Presbyterian Hospital,622 West 168th Street,,New York,New York,10032,,,,,New York,,Not for Profit Corporation,40.764794,-73.955346,"(40.764794, -73.955346)",,2095,13,37,108
010223,Calvary Hospital,HOSP,Hospital,10/16/2001,150 55th Street,,Brooklyn,New York,11220,,,,7095,Kings,5,Metropolitan Area Regional Office - New York City,Calvary Hospital Inc,1175,7000011H,Calvary Hospital Inc.,1740-70 Eastchester Road,,Bronx,New York,10461,,,,,New York,,Not for Profit Corporation,40.646444,-74.021033,"(40.646444, -74.021033)",899,2090,39,37,10
010355,David H. Koch Center For Cancer Care,HOSP,Hospital,12/01/2019,530 East 74th Street,,New York,New York,10021,,,,7093,New York,5,Metropolitan Area Regional Office - New York City,Memorial Hospital for Cancer and Allied Diseases,1453,7002020H,Memorial Hospital for Cancer and Allied Diseases Inc,1275 York Avenue,,New York,New York,10021,,,,,New York,,Not for Profit Corporation,40.767588,-73.951584,"(40.767588, -73.951584)",744,2095,13,37,108
